timestamp,x,y,z
,0,0,0
2994340,0.2656128,9.667349,0.088537596
,0.24646953,9.688885,0.026321989
,0.23211208,9.624276,0.052643977
,0.2057901,9.619491,0.07657306
,0.17468229,9.432844,0.15553902
,0.17228939,9.7415285,-0.05025107
,0.13878867,9.715207,-0.023929082
,0.11485959,9.614705,0.1196454
2994378,0.09571633,9.60274,0.045465253
,0.05025107,9.576418,-0.021536173
,0.13160995,9.7176,-0.026321989
,0.1196454,9.669742,0.06460852
,0.1196454,9.595561,0.06221561
,0.12443122,9.650599,0.040679436
,0.14118157,9.667349,0.047858164
,0.14357449,9.60274,0.13639577
2994416,0.21296883,9.648206,0.07657306
,0.19143265,9.609919,0.069394335
,0.2392908,9.643419,0.06221561
,0.21775463,9.626669,0.12203831
,0.24407662,9.66017,0.07896597
,0.22732627,9.650599,0.13639577
,0.28236315,9.595561,0.043072347
,0.24168372,9.605133,0.045465253
2994455,0.27997026,9.621883,0.07418015
,0.17228939,9.607526,0.033500712
,0.16511066,9.614705,0.033500712
,0.17707519,9.58599,0.110073775
,0.15075321,9.578811,0.09093051
,0.17946811,9.629062,0.13878867
,0.18425392,9.638634,0.1483603
,0.21536173,9.490273,0.2057901
2994494,0.21296883,9.5500965,0.05025107
,0.17707519,9.763065,-0.15314612
,0.15075321,9.760673,-0.07418015
,0.15793194,9.672134,0.08375178
,0.22254045,9.679314,0.05025107
,0.21536173,9.672134,0.16511066
,0.25364825,9.621883,0.1483603
,0.28475606,9.5907755,0.031107806
2994532,0.22971918,9.588383,-0.047858164
,0.19621846,9.595561,-0.026321989
,0.14118157,9.6410265,-0.07418015
,0.12443122,9.703242,-0.11246668
,0.11246668,9.777423,0.031107806
,0.18664683,9.758279,0.057429794
,0.16032484,9.751101,0.06460852
,0.16750357,9.729565,-0.011964541
2994571,0.15553902,9.684099,0.031107806
,0.1483603,9.638634,0.007178724
,0.14357449,9.56924,-0.011964541
,0.107680865,9.581204,-0.055036888
,0.1172525,9.554882,-0.071787246
,0.15314612,9.5500965,-0.09571633
,0.18186101,9.559668,-0.004785816
,0.2057901,9.521381,0.002392908
2994609,0.19861138,9.581204,0.033500712
,0.21057591,9.56924,0.028714897
,0.234505,9.614705,0.023929082
,0.24646953,9.681706,-0.002392908
,0.27757734,9.631455,0.021536173
,0.2991135,9.681706,0.035893623
,0.25604117,9.667349,0.09332342
,0.22254045,9.705635,0.043072347
2994647,0.24168372,9.643419,0.016750356
,0.2584341,9.650599,0.021536173
,0.21536173,9.626669,0.021536173
,0.25125536,9.614705,0.021536173
,0.17946811,9.657777,0.011964541
,0.21296883,9.6410265,0.047858164
,0.2392908,9.674527,0.011964541
,0.22493336,9.6410265,0.0598227
2994686,0.22254045,9.655384,0.067001425
,0.208183,9.655384,0.09571633
,0.22254045,9.633848,0.12921704
,0.19382556,9.645813,0.071787246
,0.234505,9.655384,0.023929082
,0.24168372,9.631455,0.035893623
,0.19621846,9.645813,0.07418015
,0.22493336,9.657777,0.023929082
2994724,0.18186101,9.6912775,0.040679436
,0.2368979,9.6003475,0.08135887
,0.18664683,9.638634,0.055036888
,0.20339718,9.574025,0.10050214
,0.19382556,9.605133,0.07418015
,0.19861138,9.626669,0.009571632
,0.24886245,9.650599,0.043072347
,0.18664683,9.607526,0.019143265
2994762,0.23211208,9.605133,0.06460852
,0.2943277,9.674527,0.052643977
,0.24168372,9.643419,0.021536173
,0.21296883,9.655384,0.057429794
,0.28236315,9.626669,0.023929082
,0.234505,9.595561,0.052643977
,0.19143265,9.614705,0.028714897
,0.22971918,9.645813,0.047858164
2994801,0.22732627,9.624276,0.07896597
,0.22254045,9.612311,0.05025107
,0.208183,9.593168,0.045465253
,0.23211208,9.629062,0.0598227
,0.17707519,9.645813,0.11485959
,0.18903974,9.619491,0.12203831
,0.16032484,9.629062,0.057429794
,0.1483603,9.67692,0.023929082
2994839,0.19621846,9.669742,0.043072347
,0.14357449,9.67692,-0.004785816
,0.18664683,9.631455,-0.007178724
,0.19621846,9.724778,0.031107806
,0.22254045,9.67692,0.052643977
,0.16750357,9.633848,0.043072347
,0.2392908,9.684099,0.009571632
,0.22732627,9.636241,0.028714897
2994877,0.234505,9.631455,0.033500712
,0.21775463,9.655384,0.055036888
,0.21775463,9.655384,0.040679436
,0.22014755,9.664956,0
,0.17707519,9.6410265,0.004785816
,0.2392908,9.674527,-0.002392908
,0.15314612,9.672134,0.014357449
,0.21057591,9.69367,0.007178724
2994916,0.19382556,9.662563,0.009571632
,0.24886245,9.619491,-0.026321989
,0.27518442,9.614705,-0.047858164
,0.24646953,9.624276,-0.07418015
,0.27279153,9.609919,-0.1172525
,0.28714898,9.597955,-0.052643977
,0.28954187,9.614705,0.040679436
,0.2967206,9.672134,0.043072347
2994955,0.30629224,9.633848,0.023929082
,0.30629224,9.617098,0.0598227
,0.33740005,9.614705,0.12443122
,0.28236315,9.681706,0.1459674
,0.25604117,9.60274,0.19621846
,0.24646953,9.614705,0.12203831
,0.28954187,9.60274,0.0598227
,0.27518442,9.609919,-0.011964541
2994993,0.2943277,9.633848,0.014357449
,0.28954187,9.593168,0.09093051
,0.34457877,9.638634,0.17707519
,0.36611494,9.6003475,0.17707519
,0.30389932,9.612311,0.14118157
,0.31825677,9.593168,0.004785816
,0.21775463,9.564454,0.009571632
,0.13639577,9.696064,0.011964541
2995032,0.045465253,10.045428,-0.2057901
,0.13160995,9.643419,0.05025107
,0.16511066,9.758279,0.055036888
,0.14118157,9.803744,0.009571632
,0.16989647,9.70085,0.07418015
,0.12682413,9.648206,0.07657306
,0.12203831,9.650599,0.07896597
,0.08135887,9.645813,0.05025107
2995070,0.040679436,9.609919,0.052643977
,0.0598227,9.60274,0.019143265
,0.06460852,9.581204,-0.014357449
,0.110073775,9.593168,-0.016750356
,0.11246668,9.566847,0.011964541
,0.13400285,9.535739,0.055036888
,0.15314612,9.516596,0.107680865
,0.17707519,9.526167,0.12203831
2995108,0.21775463,9.597955,0.06460852
,0.26082698,9.593168,0.067001425
,0.24646953,9.624276,0.1196454
,0.27279153,9.58599,0.0598227
,0.27997026,9.5907755,0.057429794
,0.30150643,9.607526,0.107680865
,0.2584341,9.576418,0.06221561
,0.2943277,9.564454,0.11246668
2995147,0.32064968,9.621883,0.13878867
,0.3326142,9.626669,0.13160995
,0.31825677,9.621883,0.09093051
,0.31825677,9.669742,0.088537596
,0.27757734,9.669742,0.1172525
,0.27757734,9.655384,0.13639577
,0.27279153,9.729565,0.05025107
,0.27757734,9.753493,0.028714897
2995185,0.22014755,9.638634,0.069394335
,0.21536173,9.684099,0.09093051
,0.21296883,9.686492,0.052643977
,0.21775463,9.688885,0.047858164
,0.18664683,9.672134,0.055036888
,0.24407662,9.731957,0.07657306
,0.22732627,9.664956,0.040679436
,0.234505,9.626669,-0.021536173
2995223,0.25364825,9.614705,0.057429794
,0.24886245,9.629062,0.055036888
,0.24886245,9.581204,0.09093051
,0.2656128,9.54531,0.088537596
,0.25125536,9.566847,0.06221561
,0.28954187,9.547704,0.03828653
,0.31107804,9.530953,0.09571633
,0.30389932,9.521381,0.13160995
2995262,0.24646953,9.617098,0.09810923
,0.2368979,9.626669,0.12682413
,0.22014755,9.54531,0.12203831
,0.27997026,9.574025,0.055036888
,0.2584341,9.703242,0.007178724
,0.31347096,9.672134,0.021536173
,0.33979294,9.664956,0.06460852
,0.3230426,9.73435,0.06221561
2995300,0.37568656,9.724778,0.071787246
,0.27279153,9.719993,0
,0.27997026,9.698457,0.047858164
,0.20339718,9.633848,0.023929082
,0.2368979,9.645813,0.040679436
,0.22493336,9.633848,0.09810923
,0.21057591,9.593168,0.069394335
,0.22493336,9.619491,0.07657306
2995338,0.22732627,9.633848,0.09093051
,0.22254045,9.614705,0.13160995
,0.21536173,9.578811,0.12203831
,0.24646953,9.633848,0.14118157
,0.27518442,9.614705,0.10050214
,0.31586388,9.597955,0.15075321
,0.3326142,9.636241,0.1483603
,0.2991135,9.662563,0.1483603
2995377,0.30389932,9.648206,0.15075321
,0.31347096,9.614705,0.12921704
,0.25125536,9.624276,0.13878867
,0.2967206,9.6003475,0.10289505
,0.24168372,9.607526,0.105287954
,0.2584341,9.643419,0.107680865
,0.22493336,9.648206,0.1459674
,0.20100428,9.581204,0.11246668
2995416,0.25604117,9.614705,0.08375178
,0.25604117,9.6410265,0.107680865
,0.24886245,9.643419,0.17707519
,0.27279153,9.631455,0.12682413
,0.27279153,9.614705,0.09093051
,0.27997026,9.607526,0.08135887
,0.24168372,9.626669,0.19143265
,0.25125536,9.581204,0.18186101
2995454,0.21775463,9.581204,0.17228939
,0.21057591,9.58599,0.1459674
,0.19382556,9.5907755,0.071787246
,0.16511066,9.638634,0.045465253
,0.16271774,9.617098,0.08375178
,0.208183,9.674527,0.16989647
,0.22971918,9.684099,0.2057901
,0.234505,9.669742,0.1483603
2995493,0.28236315,9.681706,0.14357449
,0.2943277,9.638634,0.09093051
,0.28236315,9.672134,0.03828653
,0.22493336,9.652991,0.009571632
,0.16989647,9.67692,0.040679436
,0.19382556,9.729565,0.045465253
,0.2584341,9.719993,0.17228939
,0.28954187,9.698457,0.15314612
2995531,0.24886245,9.667349,0.19382556
,0.2584341,9.638634,0.15793194
,0.24886245,9.58599,0.18903974
,0.22493336,9.509417,0.19382556
,0.16750357,9.56206,0.19621846
,0.18425392,9.5500965,0.21536173
,0.1483603,9.542917,0.2057901
,0.19143265,9.54531,0.16989647
2995569,0.15314612,9.54531,0.2392908
,0.16989647,9.5500965,0.20100428
,0.17468229,9.576418,0.2057901
,0.23211208,9.56924,0.18903974
,0.22971918,9.624276,0.20100428
,0.24646953,9.588383,0.17946811
,0.24646953,9.629062,0.16989647
,0.2584341,9.626669,0.20100428
2995608,0.28714898,9.624276,0.21057591
,0.20339718,9.669742,0.17228939
,0.208183,9.633848,0.16989647
,0.26082698,9.638634,0.18664683
,0.2392908,9.655384,0.2057901
,0.2368979,9.696064,0.2392908
,0.15314612,9.6912775,0.16511066
,0.24407662,9.681706,0.24407662
2995646,0.22971918,9.6912775,0.22254045
,0.17707519,9.736743,0.18186101
,0.30868515,9.655384,0.1483603
,0.25604117,9.6410265,0.16032484
,0.27039862,9.609919,0.15314612
,0.22971918,9.617098,0.22732627
,0.24886245,9.578811,0.15793194
,0.22732627,9.619491,0.17946811
2995684,0.25364825,9.581204,0.16271774
,0.16750357,9.547704,0.18664683
,0.13400285,9.578811,0.20100428
,0.19143265,9.574025,0.19861138
,0.13639577,9.60274,0.2368979
,0.15553902,9.58599,0.2392908
,0.18186101,9.624276,0.21057591
,0.21296883,9.629062,0.28954187
2995723,0.22971918,9.624276,0.17468229
,0.21775463,9.617098,0.2392908
,0.22493336,9.60274,0.23211208
,0.2057901,9.650599,0.18903974
,0.2368979,9.629062,0.20100428
,0.22254045,9.631455,0.19621846
,0.20339718,9.633848,0.19143265
,0.21057591,9.624276,0.17707519
2995761,0.18186101,9.588383,0.14118157
,0.15793194,9.629062,0.17468229
,0.16511066,9.617098,0.15793194
,0.17468229,9.581204,0.17468229
,0.17228939,9.619491,0.20339718
,0.1172525,9.617098,0.22493336
,0.18186101,9.672134,0.17707519
,0.19143265,9.705635,0.12203831
2995799,0.20339718,9.698457,0.17468229
,0.2680057,9.724778,0.17468229
,0.25125536,9.729565,0.18186101
,0.2919348,9.681706,0.110073775
,0.16511066,9.727171,0.09093051
,0.16989647,9.650599,0.16511066
,0.19382556,9.459166,0.24646953
,0.21296883,9.648206,0.12921704
2995838,0.20339718,9.60274,0.105287954
,0.19861138,9.629062,0.15553902
,0.17468229,9.626669,0.17468229
,0.234505,9.60274,0.20100428
,0.23211208,9.583597,0.24407662
,0.20100428,9.629062,0.18186101
,0.22493336,9.652991,0.18664683
,0.22254045,9.609919,0.234505
2995876,0.234505,9.645813,0.21536173
,0.25604117,9.612311,0.20339718
,0.234505,9.657777,0.24168372
,0.21536173,9.6003475,0.2057901
,0.22971918,9.629062,0.22971918
,0.21775463,9.624276,0.234505
,0.25604117,9.60274,0.24646953
,0.22971918,9.578811,0.27039862
2995915,0.15314612,9.554882,0.28714898
,0.19621846,9.6003475,0.24407662
,0.15314612,9.655384,0.2632199
,0.11485959,9.624276,0.22014755
,0.18186101,9.648206,0.21057591
,0.19621846,9.69367,0.1483603
,0.24646953,9.684099,0.13878867
,0.21775463,9.708028,0.15314612
2995954,0.25604117,9.703242,0.234505
,0.13639577,9.674527,0.2656128
,0.12682413,9.631455,0.2656128
,0.16750357,9.621883,0.20100428
,0.13878867,9.624276,0.23211208
,0.10289505,9.581204,0.20339718
,0.12921704,9.578811,0.13639577
,0.105287954,9.6410265,0.17228939
2995992,0.08614469,9.621883,0.18903974
,0.13878867,9.652991,0.17468229
,0.12921704,9.688885,0.16750357
,0.1172525,9.67692,0.17946811
,0.1459674,9.662563,0.2057901
,0.18903974,9.655384,0.20100428
,0.15314612,9.5907755,0.27518442
,0.12921704,9.583597,0.3565433
2996030,0.15793194,9.56924,0.4115802
,0.15075321,9.624276,0.40440148
,0.15075321,9.56924,0.40679437
,0.13400285,9.533346,0.39482984
,0.18903974,9.533346,0.3326142
,0.234505,9.593168,0.3230426
,0.21536173,9.559668,0.2392908
,0.21296883,9.66017,0.25125536
2996069,0.24886245,9.662563,0.20339718
,0.2919348,9.715207,0.18664683
,0.3517575,9.727171,0.15553902
,0.33022133,9.722385,0.15793194
,0.3326142,9.729565,0.1483603
,0.39004403,9.703242,0.208183
,0.2991135,9.727171,0.10050214
,0.24407662,9.712814,0.17228939
2996107,0.18186101,9.739136,0.110073775
,0.13639577,9.686492,0.16032484
,0.08375178,9.66017,0.16511066
,0.13160995,9.69367,0.067001425
,0.14357449,9.736743,0.067001425
,0.2057901,9.669742,0.088537596
,0.19621846,9.648206,0.045465253
,0.21775463,9.69367,0.088537596
2996145,0.17946811,9.70085,0.052643977
,0.16511066,9.679314,0.052643977
,0.22254045,9.650599,0.105287954
,0.30389932,9.420879,0.25604117
,0.20339718,9.760673,0.06221561
,0.19382556,9.672134,0.16032484
,0.17228939,9.5907755,0.15314612
,0.22254045,9.597955,0.21057591
2996184,0.24168372,9.5907755,0.110073775
,0.24886245,9.633848,0.09571633
,0.27997026,9.667349,0.19382556
,0.28954187,9.609919,0.22971918
,0.3230426,9.58599,0.24886245
,0.30150643,9.607526,0.17468229
,0.28236315,9.648206,0.21536173
,0.30868515,9.626669,0.24168372
2996222,0.2943277,9.607526,0.27997026
,0.21536173,9.581204,0.19861138
,0.2680057,9.612311,0.2680057
,0.22971918,9.609919,0.2392908
,0.16989647,9.552489,0.21057591
,0.15314612,9.518989,0.22732627
,0.1196454,9.681706,0.08614469
,0.10050214,9.633848,0.11485959
2996260,0.11246668,9.633848,0.11246668
,0.14357449,9.631455,0.11246668
,0.10289505,9.650599,0.11485959
,0.13400285,9.655384,0.12203831
,0.07418015,9.69367,0.09571633
,0.0598227,9.669742,0.055036888
,0.08614469,9.7176,0.035893623
,0.13400285,9.727171,0.09093051
2996299,0.1172525,9.724778,0.071787246
,0.1172525,9.7176,0.09093051
,0.1483603,9.655384,0.06460852
,0.11485959,9.612311,0.10289505
,0.14357449,9.614705,0.07896597
,0.17946811,9.60274,0.028714897
,0.15314612,9.595561,0.10050214
,0.208183,9.490273,0.18903974
2996337,0.24646953,9.638634,0.088537596
,0.15553902,9.856388,0.002392908
,0.1459674,9.667349,0.13400285
,0.19621846,9.619491,0.11485959
,0.22254045,9.69367,0.09571633
,0.17228939,9.672134,0.07896597
,0.15553902,9.679314,0.052643977
,0.17946811,9.60274,0.09810923
2996375,0.107680865,9.705635,0.014357449
,0.12682413,9.751101,0.16032484
,0.12203831,9.703242,0.055036888
,0.20100428,9.70085,0.08614469
,0.22732627,9.748708,0.088537596
,0.17468229,9.7917795,0.0598227
,0.24407662,9.753493,0.035893623
,0.12921704,9.7917795,-0.047858164
2996414,0.19382556,9.820495,-0.107680865
,0.17946811,9.806137,-0.18186101
,0.24168372,9.861175,-0.07896597
,0.19621846,9.7917795,-0.031107806
,0.19861138,9.868353,0.071787246
,0.17228939,9.853995,0.13160995
,0.088537596,9.827674,0.22254045
,0.1196454,9.782208,0.36372203
2996453,0.06221561,9.753493,0.24646953
,0.08614469,9.73435,0.11485959
,0.0598227,9.672134,0.05025107
,-0.002392908,9.669742,0.026321989
,0.007178724,9.648206,0.011964541
,0.011964541,9.688885,0.069394335
,-0.047858164,9.662563,0.035893623
,-0.09571633,9.624276,0.13878867
2996491,-0.05025107,9.657777,0.1459674
,-0.14118157,9.5907755,0.11246668
,-0.08375178,9.5405245,0.17946811
,-0.06221561,9.521381,0.21296883
,-0.15793194,9.4998455,0.19382556
,-0.1483603,9.468738,0.24646953
,-0.15553902,9.614705,0.11485959
,-0.2057901,9.492666,0.1459674
2996530,-0.21296883,9.384986,0.22732627
,-0.19143265,9.648206,0.057429794
,-0.13160995,9.52856,0.18903974
,-0.016750356,9.5500965,0.22014755
,0.05025107,9.571632,0.2919348
,0.052643977,9.588383,0.3852582
,0.1459674,9.564454,0.40679437
,0.13400285,9.636241,0.43550926
2996568,0.19143265,9.636241,0.42833054
,0.2368979,9.686492,0.36850783
,0.11485959,9.638634,0.37090075
,0.055036888,9.574025,0.4450809
,0.023929082,9.631455,0.45943835
,-0.023929082,9.609919,0.4450809
,-0.110073775,9.705635,0.47618872
,-0.07418015,9.559668,0.60779864
2996606,-0.08135887,9.564454,0.6101916
,-0.1459674,9.52856,0.69155043
,-0.2991135,9.583597,0.6748001
,-0.24646953,9.533346,0.6580497
,-0.3254355,9.719993,0.6293348
,-0.26082698,9.626669,0.72983694
,-0.25364825,9.636241,0.6269419
,-0.31347096,9.621883,0.5838696
2996645,-0.40679437,9.617098,0.6101916
,-0.30629224,9.655384,0.6173703
,-0.28236315,9.652991,0.6293348
,-0.23211208,9.652991,0.6580497
,-0.234505,9.521381,0.75855184
,-0.20100428,9.5907755,0.7992313
,-0.2656128,9.605133,0.78008807
,-0.28714898,9.607526,0.8159817
2996683,-0.27279153,9.638634,0.78248096
,-0.33979294,9.564454,0.8614469
,-0.33022133,9.614705,0.9475916
,-0.33740005,9.645813,0.95237744
,-0.3254355,9.514202,1.0648441
,-0.28954187,9.542917,1.1103094
,-0.31586388,9.516596,1.1868824
,-0.18186101,9.478309,1.1916683
2996721,-0.110073775,9.557275,1.2012398
,-0.14118157,9.530953,1.2419193
,-0.16032484,9.514202,1.2802058
,-0.09810923,9.39695,1.3926725
,-0.13160995,9.56206,1.3113136
,-0.071787246,9.425665,1.4094229
,-0.13160995,9.382592,1.4357449
,-0.107680865,9.56924,1.4189945
2996760,-0.12203831,9.552489,1.3902797
,-0.14118157,9.487881,1.4094229
,-0.14118157,9.614705,1.3998512
,-0.08375178,9.576418,1.4740313
,-0.0598227,9.772636,1.3208853
,-0.11485959,9.652991,1.4261732
,-0.15314612,9.578811,1.5123179
,-0.30629224,9.669742,1.5673548
2996798,-0.24407662,9.827674,1.5266753
,-0.30868515,9.770244,1.6965718
,-0.27518442,9.906639,1.6056414
,-0.3326142,9.897068,1.6965718
,-0.30868515,9.98082,1.7875023
,-0.27518442,10.01432,1.7779307
,-0.19143265,10.076536,1.6893932
,-0.1196454,9.987998,1.6558924
2996836,-0.19143265,10.021499,1.665464
,-0.16032484,10.040643,1.6750357
,-0.11246668,10.0430355,1.5506045
,-0.10050214,10.016713,1.5745336
,-0.12203831,9.95689,1.7396442
,-0.052643977,9.822887,1.9119335
,-0.016750356,9.844424,1.9430413
,0.009571632,9.899461,2.000471
2996875,-0.023929082,9.959284,2.1584032
,-0.009571632,9.923389,2.2230117
,0.007178724,9.973641,2.2086542
,0.19861138,10.076536,2.029186
,0.11485959,9.964069,2.1009734
,0.09332342,10.057393,2.1560102
,0.08135887,9.846817,2.2971919
,0.03828653,9.739136,2.1823323
2996914,0.11485959,9.523774,2.2014754
,0.12443122,9.581204,2.2206187
,0.110073775,9.56924,2.290013
,0.2057901,9.456773,2.3378713
,0.1483603,9.416093,2.187118
,0.069394335,9.344306,2.0435436
,0.011964541,9.317985,1.9143264
,-0.021536173,9.286877,1.7946811
2996952,-0.021536173,9.2485895,1.7300725
,-0.20100428,9.128944,1.7731448
,-0.24407662,8.91119,1.8616825
,-0.2680057,8.703007,1.8210031
,-0.24886245,8.700614,1.61282
,-0.10289505,8.664721,1.6415349
,0.1459674,8.77958,1.639142
,0.3517575,8.908797,1.562569
2996991,0.6197632,9.100229,1.5577831
,0.92366254,9.114587,1.5434257
,1.14381,9.081086,1.3974583
,1.2897775,9.066729,1.2873845
,1.5697477,8.999727,1.1868824
,1.7085364,9.0428,0.89734054
,1.902362,9.136123,0.9188767
,2.0339718,9.131337,0.93802
2997029,2.057901,9.1983385,0.7776951
,2.0172215,9.277305,0.70830077
,2.060294,9.526167,0.5360114
,2.0172215,9.719993,0.3565433
,1.9932925,9.9927845,0.3326142
,2.0148287,10.179431,0.41875893
,1.9334698,10.311041,0.48336744
,1.770752,10.394793,0.31586388
2997067,1.6870002,10.490509,0.34697166
,1.6678569,10.579046,0.442688
,1.6846073,10.507259,0.5886554
,1.6726427,10.480937,0.6843717
,1.6008555,10.342149,0.7202653
,1.6152129,10.100465,0.7705164
,1.5697477,9.810924,0.6532639
,1.5482116,9.6003475,0.72505116
2997106,1.7085364,9.440022,0.6389065
,1.7013576,9.418487,0.57908374
,1.691786,9.361056,0.63651353
,1.8066456,9.394557,0.7513731
,1.8257889,9.456773,0.8159817
,1.9215052,9.478309,0.9404129
,1.8353605,9.33952,1.0815945
,1.7587874,9.193553,1.0887731
2997144,1.691786,9.05955,1.0050215
,1.6582853,8.971012,1.0480938
,1.6176059,8.949476,1.14381
,1.6199988,8.963834,1.354386
,1.6511066,9.009299,1.3376356
,1.6271775,8.961441,1.3854938
,1.5817122,8.982977,1.3496002
,1.6606783,8.971012,1.4285661
2997182,1.6750357,8.932726,1.5721406
,1.7875023,8.85376,1.6152129
,1.7851094,8.848974,1.6726427
,1.823396,8.844189,1.6870002
,1.8688612,8.877689,1.7372513
,1.8592896,8.899225,1.8856115
,1.899969,8.846581,1.9956853
,1.8880045,8.789151,2.1966896
2997221,1.8664683,8.808294,2.2421548
,1.8545038,8.652756,2.3043704
,1.8688612,8.547467,2.4814458
,1.8353605,8.420644,2.5340896
,1.74443,8.300998,2.5939124
,1.6965718,8.092815,2.5197322
,1.5841051,8.037778,2.5723763
,1.4548881,7.8559175,2.6465564
2997259,1.4453164,7.630984,2.811667
,1.4261732,7.3893003,2.8595252
,1.3902797,7.2840123,2.7183435
,1.2993491,7.037543,2.761416
,1.3352427,6.8604674,2.7733805
,1.328064,6.6809993,2.7398798
,1.2969562,6.482388,2.7279153
,1.251491,6.295741,2.6728783
2997297,1.2155973,6.0875583,2.658521
,1.2012398,5.771694,2.5077677
,1.1031306,5.491724,2.2780485
,0.911698,4.924605,2.2445478
,0.77530223,4.398165,2.0459363
,0.7226582,3.6946502,1.9167194
,0.5312256,3.0318146,1.6223917
,0.41875893,2.4694812,1.4142087
2997336,0.2057901,1.9358627,1.4740313
,-0.004785816,1.3998512,1.3400285
,-0.12682413,0.94280577,1.1605604
,-0.057429794,0.6006199,1.0169859
,-0.17946811,0.4737958,0.75615895
,-0.18664683,0.30389932,0.4737958
,-0.33740005,0.31586388,0.42354473
,-0.48336744,0.44747382,0.16032484
2997375,-0.57669085,0.6819788,-0.2057901
,-1.0265576,1.0911661,-0.51926106
,-1.5601761,1.3400285,-0.48815325
,-1.9669704,1.7061435,-0.5240469
,-2.1942968,2.0626867,-0.66283554
,-2.239762,2.2230117,-0.87580436
,-2.6369848,2.2565124,-0.7513731
,-3.1418884,2.1296883,-0.39722276
2997413,-3.2734983,2.0459363,-0.07657306
,-3.6850784,1.8616825,0.7489802
,-3.986585,1.8640754,0.08135887
,-4.6446347,2.4838386,-0.19382556
,-4.9868207,3.1562457,-0.27757734
,-5.446259,3.5726118,1.3400285
,-6.611605,3.6731138,2.471874
,-8.076065,4.8958898,2.2230117
2997452,-8.233996,8.145459,1.3448143
,-7.6070547,11.019341,3.699436
,-7.659699,11.351956,6.3938503
,-7.4850163,12.273226,5.9942346
,-6.84611,15.348112,4.453202
,-6.269419,17.846308,3.3357139
,-4.7594943,18.231567,3.0581365
,-3.8501892,18.31771,2.5986981
2997490,-1.8401463,18.791508,1.8545038
,-0.30868515,18.396677,1.2802058
,0.2057901,18.013813,0.43311638
,1.2538838,18.497179,-1.2921704
,1.8664683,18.760399,-2.9217408
,3.6611493,18.839365,-3.0916374
,6.140202,19.504595,-2.3091564
,7.764987,20.559866,-2.2756555
2997528,8.963834,21.34474,-1.665464
,9.748708,21.576853,-1.1414171
,10.56469,22.110472,-0.19382556
,10.71305,22.110472,0.7489802
,10.428293,23.227959,-0.46183127
,9.315591,24.209051,-0.6389065
,8.353642,26.094664,0.22014755
,7.896597,26.40574,1.61282
2997567,6.9370403,26.544529,2.6609137
,6.690571,26.965681,1.9478272
,6.3053126,27.147543,1.5075321
,5.4510446,26.61153,1.225169
,5.1327877,26.312418,1.3878866
,5.0466433,26.702461,1.4979604
,5.0131426,27.271973,1.0863802
,5.072965,28.195637,1.3998512
2997605,4.9892135,28.212387,3.204104
,5.448652,28.30571,3.275891
,5.963127,28.801043,2.1823323
,5.362507,27.96831,1.6941789
,4.532168,25.328932,3.720972
,3.9411197,23.192064,5.2476473
,4.192375,22.210974,5.0921082
,2.9743848,21.11502,4.3885937
2997643,0.20339718,20.074106,5.266791
,-1.1127023,18.107136,5.1830387
,-2.9241338,16.042055,5.333792
,-5.355328,13.330891,5.752551
,-8.272284,10.617333,6.5278535
,-9.684099,7.549625,6.7408223
,-10.346934,6.164131,6.4919596
,-8.719757,5.106466,5.647263
2997682,-7.29837,3.7377224,4.919819
,-6.0995226,2.763809,4.563276
,-5.2883267,2.5316968,3.1466742
,-4.3096275,2.0459363,2.239762
,-3.1466742,1.7228938,1.6223917
,-1.8281817,1.7396442,0.3517575
,-1.1127023,1.9286839,0.33022133
,-0.33979294,1.8856115,0.6101916
2997720,0.34457877,2.2110472,0.832732
,0.6556568,1.926291,1.0361292
,0.35415038,1.720501,0.7441944
,-0.004785816,1.6152129,1.0744157
,-0.60301286,1.40703,1.6726427
,-0.95237744,1.1868824,2.237369
,-1.5482116,0.95955616,2.3378713
,-2.1009734,0.677193,2.6944146
2997758,-2.3857293,0.14357449,2.9265265
,-3.2687125,-0.2967206,2.8164527
,-4.3120203,-0.8255533,2.4694812
,-5.8458743,-0.8638398,2.239762
,-7.1691527,-0.80880296,2.41923
,-7.992313,-0.16511066,1.9621847
,-7.2505116,1.301742,1.823396
,-5.8004093,2.998314,1.5912839
2997797,-4.4149156,4.9102473,0.9499845
,-3.5247536,6.6546774,0.77530223
,-2.895419,8.387143,0.9093051
,-2.605877,10.07175,0.6795859
,-2.5364826,12.012399,0.1483603
,-2.1990826,13.701792,-0.2632199
,-2.1201165,15.549117,-0.6269419
,-2.2469406,16.905895,-0.72744405
2997835,-3.2998202,17.848701,-0.10289505
,-3.804724,19.047548,0.48336744
,-4.23784,20.878122,1.0792016
,-5.783659,21.909466,0.6173703
,-6.6498914,22.330618,1.5266753
,-6.551782,22.656054,1.9095407
,-7.7889156,23.866865,2.81406
,-9.574025,25.45097,3.3428926
2997874,-11.024128,25.637617,4.1540885
,-13.639576,25.893658,5.1088586
,-15.9678755,25.02982,5.5587254
,-18.035349,23.93626,6.1880603
,-18.07842,20.624475,6.1043086
,-17.511301,17.68359,4.50106
,-14.063121,14.773814,-0.39722276
,-6.9896846,15.630476,-2.7685947
2997913,-1.2825987,17.74102,-0.12443122
,6.046879,17.982704,2.7877378
,12.5077305,16.731213,8.837009
,22.73502,12.653698,11.155738
,28.827364,8.889653,12.806844
,29.851528,7.1524024,10.179431
,26.913038,8.23639,10.320613
,21.696497,12.330655,12.297154
2997951,14.297626,15.896089,9.358664
,8.054528,14.771421,5.259612
,4.170839,11.057629,4.189982
,2.0028641,6.8293595,4.2115183
,0.6532639,2.5053747,2.3259068
,-0.87819725,-1.5577831,-1.1988469
,-2.1416528,-4.78103,-4.97007
,-2.9073834,-6.6498914,-6.956184
2997989,-3.4960387,-7.530482,-7.729093
,-2.8427749,-7.080615,-10.509652
,-2.7709875,-5.072965,-10.296683
,-1.0528796,-2.6896286,-8.633613
,0.5886554,0.06221561,-8.229211
,1.6152129,1.8832186,-7.0471144
,3.5008245,2.0914016,-6.101916
,4.218697,1.902362,-6.147381
2998028,5.068179,0.8734115,-3.6539707
,5.9248405,-0.5264398,0.8877689
,6.015771,-2.2828343,6.901147
,3.9387267,-1.9885067,12.864274
,1.7276796,-2.0555081,17.042292
,0.24168372,-0.19382556,19.75585
,-2.2110472,1.2825987,15.695085
,-6.1737027,-0.1459674,12.481409
2998066,-9.873138,-4.0966587,8.51636
,-12.565161,-7.2002606,3.644399
,-13.419429,-9.172017,-1.588891
,-9.672134,-8.260319,-3.8166883
,-2.6728783,-5.675978,-4.613527
,-1.4381378,-1.5266753,-5.1088586
,-0.6293348,8.049743,-4.6230984
,2.4981961,20.456972,-3.9626558
2998104,9.743921,35.793118,0.2919348
,14.735528,37.346115,-2.5651975
,25.106392,27.300688,-6.101916
,35.31693,34.723488,-1.2634555
,38.430103,35.960625,-3.0054924
,33.32364,29.46627,-3.3022132
,28.427748,25.584972,1.7085364
,23.572538,24.833601,3.749687
2998143,23.402641,23.584501,1.5721406
,24.484236,23.1131,4.0751224
,23.125063,18.877651,7.748236
,22.797235,18.774757,3.0629225
,15.802765,25.774014,-1.328064
,1.4620669,29.545237,8.456537
,-10.30147,23.811829,15.912839
,-17.563946,20.746513,15.245217
2998181,-25.240395,16.123415,13.443357
,-27.547157,9.193553,18.832186
,-27.085327,7.0399356,19.384949
,-24.38852,8.5546465,14.570417
,-19.621847,9.341913,11.205989
,-15.070535,8.078458,7.441944
,-10.667584,5.4893312,3.412287
,-6.269419,2.4599094,-2.000471
2998219,-2.4886243,-0.4785816,-5.6376915
,-1.1055236,-3.933941,-9.995177
,-0.6843717,-5.5443683,-10.918839
,-0.33022133,-6.190453,-13.003062
,0.035893623,-5.0921082,-12.718307
,-0.54079723,-3.1131735,-11.734821
,-0.6293348,-1.2108115,-10.811159
,-2.132081,0.31586388,-9.574025
2998258,-4.4220943,1.691786,-8.731722
,-7.5161242,2.9265265,-8.87051
,-9.040407,2.7135577,-8.523539
,-9.39695,1.0361292,-6.982506
,-8.183745,-1.1677392,-5.8195524
,-7.343835,-3.5750046,-5.5443683
,-7.2146177,-5.704693,-3.5056105
,-7.552018,-8.025814,2.3498356
2998296,-7.552018,-9.195946,5.4510446
,-4.1971607,-7.1835103,9.033228
,-2.969599,-5.022714,9.906639
,-1.9478272,-0.5240469,12.352192
,1.6606783,4.008121,11.033699
,8.7389,6.116273,6.424958
,15.723799,6.4177794,2.8451676
,22.701519,4.027264,-2.1296883
2998334,23.996082,4.16366,-6.692964
,17.432335,4.625491,-8.734115
,9.382592,6.2933483,-5.080144
,5.1950035,14.524952,-1.2371335
,-1.0504867,28.310495,2.8020954
,-10.468973,46.65453,9.5500965
,-22.895344,48.67175,-13.1011715
,-50.710506,44.634914,-6.848503
2998373,-55.754757,35.781155,2.1201165
,-41.284843,26.479921,-4.407737
,-38.633503,22.75895,3.3500714
,-35.285824,19.528522,2.8786685
,-28.533035,18.64554,1.0313433
,-22.938417,16.537388,-4.4220943
,-20.454578,17.226545,-6.3148847
,-16.051628,20.564651,-1.9502201
2998412,-12.09615,23.78072,5.259612
,-11.081557,24.608667,12.536446
,-10.583833,29.966389,12.828381
,0.86862564,30.516756,14.938925
,40.277428,4.9628916,19.121729
,53.151276,-5.3026843,17.42755
,50.849297,-2.0914016,17.276796
,35.709366,2.9313123,17.595053
2998450,20.157858,7.499374,12.955204
,9.846817,10.179431,8.145459
,3.256748,9.547704,5.6951213
,-0.7106937,6.7264647,1.2921704
,-2.3330853,2.2517266,-2.94567
,-0.92366254,-0.70830077,-9.203125
,0.8829831,-1.1629534,-17.714699
,1.1007377,0.650871,-20.112392
2998489,0.70830077,2.8403819,-18.923117
,2.6250203,4.9102473,-14.331126
,3.4792883,5.2404685,-11.490745
,3.7161863,4.948534,-9.858782
,5.309863,4.687707,-8.968619
,6.3435993,4.9844275,-7.786523
,6.8221807,4.618313,-7.1141157
,7.1524024,3.1969252,-3.9650488
2998527,9.743921,2.0435436,6.1808815
,10.904482,0.7130866,14.977212
,8.57379,2.3857293,21.598389
,5.2763624,2.8810613,23.12985
,1.4405307,4.4460235,25.924767
,-7.1212945,4.0033355,16.566103
,-16.204773,-4.326378,9.30602
,-19.112158,-13.591718,1.1485959
2998565,-16.846073,-15.388792,-6.905933
,-11.68457,-15.010713,-9.229446
,-4.44363,-9.356271,-9.729565
,-0.16750357,-3.098816,-9.064336
,3.436216,3.7305436,-8.925548
,6.8341455,15.010713,-5.984663
,11.359135,32.75891,1.7587874
,16.905895,45.671043,0.8710185
2998604,28.576109,29.75342,-19.009262
,43.194386,30.55983,-7.0590787
,44.25205,33.708897,-8.971012
,35.46529,30.598116,-15.058571
,29.475842,24.790527,-7.1404376
,24.706776,22.22533,-3.8501892
,19.11455,18.693398,-0.45225963
,13.890832,11.150951,3.984192
2998642,16.48953,10.847053,1.2682413
,18.109528,20.358862,-0.08614469
,6.0732007,24.929316,12.766165
,-3.8454032,27.666803,16.929825
,-19.181551,24.828814,17.915703
,-31.732355,14.632633,22.100899
,-37.996986,8.494823,24.474665
,-35.032173,11.045664,24.8001
2998680,-23.321281,15.644834,19.521345
,-13.141851,15.84823,16.013342
,-6.4991384,10.009535,19.224623
,-3.0437791,3.2495692,17.70034
,-0.72744405,-0.6676214,8.547467
,1.014593,-4.4125223,-6.1593456
,0.067001425,-5.989449,-13.0916
,-1.0313433,-6.2813835,-14.055943
2998719,0.39722276,-5.3457565,-14.560845
,2.837989,-2.4168372,-11.481173
,3.5056105,1.5027462,-9.772636
,1.5960697,6.034914,-9.846817
,-1.797074,9.090658,-9.621883
,-6.3675284,10.457008,-9.731957
,-10.818337,10.291898,-9.210303
,-13.572575,8.401501,-9.4495945
2998757,-14.240196,4.513025,-9.167231
,-12.572339,0.3613291,-9.162445
,-10.909268,-3.8190813,-7.5831256
,-10.370864,-7.8319883,-6.401029
,-9.82528,-11.624747,-10.957127
,-10.890124,-13.807079,-4.5417395
,-9.954497,-14.0966215,3.6108983
,-8.133494,-11.653462,19.308376
2998795,-9.045193,-5.7118716,17.176294
,-3.0605295,3.3668218,15.855409
,13.785543,9.016478,12.0147915
,36.362633,15.5754385,10.138752
,47.556656,12.986312,-18.454107
,27.807985,6.8365383,-25.577795
,5.546761,-5.2739697,-11.08395
,-0.78487384,-4.245019,-3.0581365
2998834,1.3759222,15.328969,-1.8903974
,-5.5132604,37.401154,8.700614
,-17.145187,54.015114,-0.7992313
,-49.691128,62.18211,-20.456972
,-68.01123,47.00868,-8.832224
,-44.768917,23.79747,-7.884632
,-37.212112,17.071007,-3.9411197
,-36.355453,11.210774,0.44747382
2998873,-29.885029,6.611605,0.7872668
,-23.716112,5.2691836,-0.66283554
,-19.928139,10.507259,-2.0387578
,-18.707756,19.030798,3.4146798
,-13.902796,22.95756,15.211717
,-13.706577,25.766834,15.4845085
,-14.919782,30.088427,18.298569
,37.549515,9.15766,24.1253
2998911,52.684658,2.057901,28.03531
,52.821053,7.288798,25.55626
,46.446346,9.916211,20.523973
,29.987925,10.909268,21.694105
,14.326341,9.8922825,17.91331
,3.8358316,6.561354,13.464894
,-2.3259068,1.6511066,9.535739
,-3.2136755,-3.6659353,3.1873536
2998950,-0.9954498,-5.111252,-12.502945
,0.1196454,-2.500589,-21.500278
,0.40440148,-1.720501,-19.66731
,0.7992313,0.32064968,-15.238039
,1.5960697,3.1658175,-16.836502
,1.9956853,4.998785,-13.5534315
,3.9746203,5.1184306,-11.10788
,4.582419,5.510867,-10.650834
2998988,5.106466,7.049507,-9.021263
,5.9822702,7.3534064,-7.0662575
,5.821945,6.944219,-6.389065
,5.080144,5.49651,-6.482388
,4.5489182,3.0102785,-6.0181637
,5.1136446,0.7226582,-2.2780485
,6.1378093,-2.2469406,5.362507
,7.499374,-2.1751535,28.111885
2999026,7.1763315,1.0696299,28.032919
,4.4340587,3.6324344,22.110472
,-3.7305436,5.6879425,14.070299
,-16.532602,-0.6652284,4.1540885
,-20.244003,-6.611605,-2.9935281
,-14.972425,-9.966462,-13.373963
,-6.9418263,-12.378513,-12.775736
,-2.8092742,-8.5642185,-14.675705
2999065,-3.618077,0.18903974,-11.452458
,-1.7827165,8.533111,-13.706577
,5.1758604,24.240158,-6.5182815
,9.169623,40.703365,3.177782
,17.891773,30.574186,-7.9372764
,38.298492,30.291824,-14.678099
,47.52794,31.57203,-9.952105
,43.10106,31.354275,-20.53115
2999103,36.235806,25.733334,-19.317947
,32.754128,16.640284,-10.023892
,20.925982,6.975327,3.5056105
,14.467523,3.1562457,10.502474
,7.803273,13.417036,5.0873227
,0.08614469,24.307161,15.903267
,-3.1658175,30.310966,28.176493
,-7.6261983,29.73667,22.170294
2999141,-31.186771,11.318456,27.391619
,-40.964195,-3.0318146,37.451405
,-32.510048,10.859017,28.908722
,-22.857058,25.584972,20.071712
,-13.4026785,22.100899,23.1131
,-6.152167,13.29739,25.120749
,-2.290013,5.2021823,18.978153
,-1.6774286,-2.763809,7.209832
2999180,-2.5221252,-9.710421,-5.9942346
,-2.239762,-10.078929,-12.144009
,3.7616515,-8.79633,-15.345719
,6.221561,-6.4464946,-15.470151
,5.3577213,-2.1942968,-14.886281
,2.1560102,3.2591407,-10.086107
,0.39961565,7.8942037,-10.947555
,-1.2562767,12.311512,-13.414642
2999218,-3.8430104,13.127494,-11.899932
,-7.4706593,10.866196,-9.729565
,-11.088737,9.05955,-8.037778
,-11.440494,6.5422106,-9.82528
,-10.315826,3.0581365,-10.229682
,-9.861175,-0.7154795,-7.6166263
,-8.805902,-4.3359494,-2.9504557
,-8.435001,-6.0373073,4.5106316
2999256,-4.900676,-4.893497,19.925745
,-12.136829,-2.1895108,29.100155
,-9.207911,3.9770133,23.297354
,17.925274,5.592226,7.4874096
,34.053474,9.810924,-0.105287954
,32.598587,7.4060507,-9.648206
,22.770914,-0.9164838,-17.169115
,4.218697,-4.9628916,-18.815435
2999295,-6.855682,-2.3091564,-7.8439527
,-6.642713,8.913583,-9.516596
,-13.263889,40.830193,6.7791085
,-24.541666,51.392487,-10.019106
,-47.867733,53.407314,-20.973839
,-50.76076,38.956543,-8.961441
,-34.81442,15.996591,-6.7838945
,-32.639267,14.579989,-6.980113
2999333,-35.032173,18.128672,-10.181824
,-28.367926,15.472544,-8.312963
,-20.58619,9.459166,-5.9248405
,-13.567789,7.757808,-5.106466
,-11.500317,11.603211,-5.0657864
,-11.543388,19.856352,-6.3986363
,-13.909975,25.443792,11.442886
,-16.542173,25.618475,26.88193
2999372,-17.372513,26.357883,21.41892
,52.122326,2.5197322,24.606274
,55.869617,3.8190813,28.908722
,57.20486,12.687199,23.974546
,43.83329,13.491216,30.315752
,21.493101,13.323712,28.04249
,5.666406,15.130358,21.555317
,-3.6252558,13.089208,19.550058
2999411,-6.901147,6.6857853,14.96764
,-4.78103,-0.15793194,5.312256
,-1.0265576,-6.015771,-3.0557437
,0.25364825,-8.848974,-14.926961
,-0.03828653,-7.0183992,-18.951832
,-0.72505116,-4.7834234,-19.023619
,-0.31825677,-2.5316968,-14.57281
,-0.38765112,-0.83751786,-14.168408
2999449,0.24646953,2.7159507,-13.912368
,2.9791706,5.111252,-10.710656
,4.3359494,6.9657555,-8.348856
,5.0849295,7.604662,-5.673585
,5.6951213,6.463245,-4.5919905
,5.5754757,5.178253,-5.3457565
,5.235683,3.2926416,-5.386436
,6.334028,3.153853,-1.715715
2999487,8.750865,4.7475295,13.921939
,10.215324,6.7791085,36.905823
,6.97772,9.483095,32.170258
,-4.479524,14.946104,16.590033
,-16.587639,12.428764,-0.045465253
,-23.33564,3.8190813,-5.6807637
,-17.697948,-7.702771,-8.971012
,-7.7243075,-9.406522,-18.710148
2999526,2.234976,-5.8745894,-13.778365
,5.228504,0.08614469,-16.829323
,5.5754757,7.7721653,-12.598661
,9.629062,20.89966,-9.542917
,13.682649,32.28751,-7.157188
,19.389734,24.254517,-10.614941
,28.425356,17.073399,-10.686728
,31.94293,20.074106,-11.567318
2999564,30.428219,23.933867,-17.19065
,29.73667,25.75487,-20.186573
,26.941751,22.787664,-16.889145
,26.917824,15.144715,-11.368707
,19.69842,10.500081,3.3668218
,14.685277,12.617805,18.293783
,10.543153,17.22894,21.63189
,4.343128,21.65821,29.571558
2999602,3.3859649,28.999653,16.755142
,-22.56273,18.095171,21.038448
,-44.283157,-2.861918,38.422924
,-47.046967,4.5943837,39.717487
,-34.692383,25.56583,29.356197
,-20.495258,29.451912,21.471565
,-7.6261983,24.098978,25.218859
,-0.80641,13.735292,27.037468
2999641,0.51926106,2.943277,15.613726
,-0.69633627,-6.6857853,3.8693323
,0.2632199,-11.986076,-7.037543
,2.8595252,-14.249767,-10.727407
,6.4799953,-15.381613,-14.85278
,10.040643,-12.644126,-15.529974
,8.233996,-5.783659,-16.295704
,3.5247536,0.6843717,-9.832459
2999679,0.82076746,7.31512,-12.356977
,-1.7587874,12.627376,-12.220582
,-6.226347,12.670448,-9.167231
,-11.076772,10.275147,-8.57379
,-14.903031,7.9755626,-9.100229
,-15.27154,4.1229806,-10.504867
,-13.347641,0.34218585,-10.279933
,-11.268204,-1.1797037,-9.325163
2999717,-10.406757,-3.6611493,-5.829124
,-9.444808,-7.6166263,0.6389065
,-4.5656686,-6.7025356,18.992512
,-5.831517,-4.479524,18.064064
,-18.769972,6.8652534,28.068811
,15.048999,11.818573,14.367021
,34.146797,11.320848,-11.866431
,42.940735,16.13538,-21.158092
2999756,30.05014,9.121766,-12.26844
,8.080851,2.108152,-26.278917
,-7.475445,4.840853,-15.369649
,-11.416565,21.780249,2.8738825
,-20.466543,43.76868,-3.5558615
,-59.86099,61.73703,-19.820457
,-62.22518,59.95192,-20.87573
,-36.19752,21.35192,-15.340934
2999794,-34.91492,5.888947,-3.122745
,-36.300415,7.150009,-8.446965
,-29.040333,7.130866,-12.49098
,-20.418684,6.1282377,-17.21458
,-11.497924,5.2404685,-12.60584
,-7.5639825,11.050449,-12.560374
,-7.150009,22.639303,-0.19382556
,-8.490038,24.077442,27.618946
2999833,-18.86808,22.854666,30.985767
,6.1928463,18.334461,28.458857
,72.75159,-0.2584341,26.975252
,78.32227,-0.5288327,35.740475
,63.165596,10.667584,35.285824
,37.25758,19.059513,29.004438
,19.152836,20.406721,26.432062
,4.343128,16.937004,22.48137
2999872,-3.5534685,13.792723,15.27154
,-6.905933,4.3622713,13.431393
,-10.009535,-4.886318,9.344306
,-12.09615,-14.340698,3.9219763
,-13.117922,-13.716149,-0.82076746
,-14.680491,-11.93104,-7.3462276
,-14.374199,-6.8413243,-21.253809
,-9.920997,-3.5726118,-23.527073
2999910,-3.1849606,-1.433352,-15.106429
,0.27039862,2.6633067,-12.464658
,3.3404996,7.9061685,-11.68457
,6.3675284,10.066964,-10.349327
,8.04735,10.169859,-8.987762
,10.224896,9.076301,-5.886554
,10.452223,7.083008,-4.2593765
,8.143066,6.3435993,-2.2541194
2999948,5.022714,5.6616206,-1.1055236
,2.0028641,4.998785,-2.3019776
,0.52165395,4.189982,0.30868515
,1.7540016,3.0964231,3.9530842
,3.5869691,4.0176926,20.519186
,4.5465255,11.093522,39.48059
,4.319199,18.355997,44.019936
,-11.057629,21.897503,21.907074
2999987,-31.58878,8.214853,-7.1404376
,-29.370554,-0.8279462,-21.452421
,-10.84466,-10.052607,-16.946575
,0.32064968,-10.650834,-20.102821
,6.975327,-1.1270597,-13.48643
,9.609919,5.281148,-14.907818
,11.150951,21.318419,-10.370864
,20.198538,40.176926,-7.965991
3000025,30.59333,28.537823,-14.400521
,43.582035,15.048999,-17.985098
,43.172848,15.879338,-11.823359
,34.94603,21.318419,-22.952774
,25.975018,24.283232,-26.975252
,23.280603,18.614431,-22.766129
,17.736235,11.280169,-20.021461
,5.472581,15.640047,2.9600272
3000063,0.5049036,22.163115,25.745298
,-4.618313,22.486156,20.942732
,-16.0612,24.498592,20.042997
,-9.349092,32.636875,32.299473
,-16.233488,24.69242,32.490906
,-42.282684,-6.800645,34.170727
,-42.76127,-1.7133222,37.84384
,-27.72184,17.207401,25.288252
3000102,-15.056178,15.9271965,22.79245
,-1.8545038,7.343835,24.929316
,6.1737027,-0.95237744,17.638126
,6.812609,-6.5230675,7.3534064
,4.950927,-9.2988405,3.902833
,3.1299238,-11.9741125,1.0504867
,3.070101,-14.606311,-3.802331
,2.6728783,-13.630005,-5.223718
3000140,2.1679747,-7.6333766,-7.791309
,0.9021264,0.021536173,-9.70085
,-0.7872668,6.2909555,-8.494823
,-2.4814458,10.220111,-10.78723
,-5.367293,11.830538,-11.12463
,-8.059315,12.201438,-10.720228
,-9.69367,11.409386,-10.270362
,-10.583833,8.85376,-8.138281
3000178,-8.793938,5.5754757,-6.8389316
,-5.709479,3.0748868,-6.013378
,-3.1059947,0.5814767,-4.991606
,-1.9861137,-1.6893932,-5.77648
,-2.8451676,-4.55849,-7.054293
,-5.673585,-7.0423284,-4.3526998
,-6.0325212,-8.729329,-0.7896597
,-0.009571632,-4.508239,11.390243
3000217,-0.2919348,2.967206,16.41535
,-14.297626,11.088737,29.36816
,6.2909555,19.576382,16.94179
,53.42646,12.86906,-26.295668
,47.523155,13.498395,-25.707012
,25.496435,4.529775,-21.35192
,3.228033,-4.97007,-26.032448
,-6.611605,10.117215,-4.950927
3000255,-4.505846,44.07976,15.695085
,-50.222355,57.2599,-22.301903
,-78.40124,65.84326,-20.131536
,-51.201054,44.99146,-45.800262
,-36.8125,12.163152,-21.964504
,-28.449284,1.5793194,-10.880553
,-16.290918,9.667349,-25.884087
,-6.6666417,16.396206,-21.557709
3000293,-10.323006,21.98604,-17.343798
,1.9430413,27.74577,8.382357
,-5.8243384,17.269617,36.094627
,-18.693398,20.186573,34.019974
,8.896832,27.757734,30.093212
,78.32227,-7.0662575,37.13554
,78.32227,-12.682413,41.68446
,70.73436,3.2974274,35.46768
3000332,34.29516,15.592189,26.597174
,11.213167,14.4388075,23.79747
,-6.3100986,4.3096275,23.093956
,-17.12365,-7.6620917,28.781898
,-16.803001,2.1799393,10.849445
,-12.538838,7.3773355,-4.469952
,-11.289741,0.071787246,-2.2254045
,-12.321084,-7.5209103,0.12443122
3000371,-14.340698,-8.990156,-9.70085
,-12.072222,-4.6948857,-22.230116
,-5.0322857,1.1150951,-24.19948
,1.4405307,4.139731,-16.704891
,3.988978,4.8719606,-11.450066
,5.5060816,4.8719606,-11.505102
,7.5137315,6.2311325,-9.016478
,9.349092,7.8272023,-5.388829
3000409,10.665192,6.6666417,-4.03205
,8.47568,3.9147975,-3.1801748
,4.5919905,3.1418884,-2.6154485
,0.5934412,3.0557437,-3.328535
,-1.718108,1.9502201,-4.9317837
,-2.2301903,-0.13400285,-5.111252
,-0.93802,-2.445552,-2.5963054
,0.39243692,-4.7331724,9.5907755
3000448,2.1225095,0.21296883,24.670883
,6.65707,8.837009,47.894054
,3.515182,25.860157,42.191757
,-31.225058,30.72494,16.90111
,-54.857418,13.199281,-30.184143
,-35.45572,3.2615337,-40.5574
,-4.012907,-17.925274,-33.065205
,12.179902,-17.738628,-15.178216
3000486,4.6661706,4.508239,-19.78935
,9.152873,26.168842,-16.908289
,20.155464,39.80124,5.62812
,49.695915,32.15829,-21.844858
,70.91862,26.728783,-23.618002
,53.972042,19.966425,-20.354076
,33.3356,20.468935,-30.03339
,20.363647,25.699833,-34.94842
3000524,11.052842,22.337797,-26.702461
,3.4697168,21.272953,-4.0775156
,-8.176567,21.595995,28.860865
,-11.4213505,25.692654,42.478905
,-19.724741,26.589994,24.587132
,-10.67237,32.986237,34.228157
,6.1114874,33.34757,43.852432
,-37.16186,-10.375649,33.972115
3000563,-58.628643,-13.747257,29.042725
,-32.450226,14.041585,29.320303
,-18.389498,19.564417,21.06477
,-4.1349454,7.1906886,24.039154
,4.3790216,-1.5458187,22.52205
,9.021263,-6.9705415,15.585011
,7.834381,-9.6003475,5.7190504
,4.850425,-10.708263,-0.17228939
3000601,4.730779,-11.988469,-3.5702188
,6.5541754,-13.646755,-7.0088277
,4.3790216,-13.381142,-7.2648687
,1.7659662,-5.061001,-9.124159
,-2.3139422,3.5223608,-7.659699
,-2.940884,8.540289,-10.562296
,-4.893497,9.681706,-10.758514
,-6.0779867,7.6764493,-8.492431
3000639,-8.798723,6.015771,-7.133259
,-9.401736,6.2622404,-7.255297
,-7.9994917,5.0418572,-5.494117
,-5.747765,2.708772,-5.099287
,-3.876511,0.088537596,-5.484545
,-2.443159,-1.7779307,-6.781502
,-2.8906329,-3.35725,-9.56924
,-4.331164,-5.1423593,-8.729329
3000678,-5.5898333,-7.1236873,-0.4977249
,0.40200856,-2.4551237,13.230389
,-3.7616515,4.2545905,13.041349
,-18.025776,20.724977,25.931946
,27.453835,22.419155,-1.170132
,60.054813,9.751101,-30.389933
,42.045788,19.308376,-21.825714
,11.93104,6.0827723,-28.62636
3000716,-4.4149156,2.7398798,-25.163822
,-15.9271965,18.592896,-5.4869385
,-27.973095,46.886642,1.9167194
,-77.736015,62.904766,-27.27676
,-78.40124,54.661198,-36.05873
,-43.416924,13.409857,-30.961838
,-33.22553,2.603484,-15.649619
,-21.60078,10.543153,-29.980745
3000754,-17.54241,18.087992,-30.028605
,-8.942298,26.678532,-9.909033
,-3.874118,31.248987,11.275383
,-6.6594634,29.023582,23.948225
,-7.4634805,16.360313,38.516247
,-15.855409,15.39597,33.29253
,17.96356,17.662054,25.7788
,62.83059,0.12443122,31.292059
3000792,77.262215,-5.446259,31.919
,52.431007,46.1592,8.561825
,35.156605,-5.0155354,28.236315
,18.107136,-9.317985,34.967567
,0.047858164,-50.688972,33.708897
,-9.100229,18.458893,1.4046371
,-11.677391,5.4079723,12.239725
,-9.100229,-8.353642,15.766871
3000831,-7.8798466,-9.664956,3.3524642
,-6.355564,-8.34407,-6.6833925
,-5.6879425,-7.2337613,-8.91119
,-4.343128,-8.006671,-8.346463
,-1.7540016,-2.9576344,-17.039898
,1.6319634,2.3976939,-21.40217
,4.1349454,5.156717,-15.843445
,6.2622404,7.0734363,-11.588854
3000870,7.630984,9.107409,-9.947319
,8.49961,10.753729,-6.3723145
,7.9875274,11.751572,-5.42233
,5.5012956,9.995177,-1.8210031
,3.381179,6.5254602,-1.6558924
,0.598227,6.147381,-6.551782
,0.7418015,6.331635,-1.74443
,2.708772,9.751101,14.709206
3000908,4.2785196,13.993727,40.148212
,2.2325833,23.414606,53.26135
,-21.954931,28.166922,16.233488
,-44.608593,18.413427,-18.35839
,-33.912292,9.243804,-27.346153
,-10.634084,-8.961441,-17.867846
,5.6424775,-11.785072,-24.484236
,9.124159,-1.4213874,-19.186337
3000947,10.404365,8.463716,-16.051628
,14.343091,24.986746,-8.774794
,23.457678,33.79265,-11.79943
,31.505028,17.628553,-20.662762
,40.602863,11.7228565,-18.049706
,35.190105,15.149501,-15.671155
,26.042019,20.471329,-19.923353
,20.631653,19.497416,-23.634754
3000985,18.559395,14.386164,-25.769228
,16.829323,13.041349,-16.427315
,8.437394,18.796293,5.7669086
,5.3002915,18.525894,30.267895
,-0.45943835,17.37012,29.39927
,-10.502474,16.618746,17.664448
,-7.808059,17.961168,24.804886
,-6.31967,16.850859,31.449991
3001023,-16.276562,2.5460541,35.12789
,-45.66626,-9.631455,32.926414
,-32.1894,9.356271,31.356668
,-17.37012,27.571087,28.736433
,-4.1110163,27.17147,23.761578
,0.7944455,15.864981,25.18775
,1.7300725,2.524518,17.130829
,0.416366,-3.7425082,5.3457565
3001062,-2.316335,-5.4007936,0.05025107
,-0.42833054,-11.66782,-5.1950035
,2.28762,-13.003062,-5.6257267
,3.5223608,-11.172488,-7.7458434
,2.0124357,-7.1236873,-8.17896
,-0.39482984,-0.49533197,-10.356506
,-1.0600582,6.125845,-9.571632
,-2.0770442,10.397185,-10.746551
3001100,-4.3287706,11.952576,-9.770244
,-7.5687685,11.1198435,-10.488116
,-10.507259,8.200496,-9.772636
,-11.210774,3.9435124,-7.97317
,-10.500081,0.46901,-8.710185
,-7.8200235,-2.0961876,-7.808059
,-5.757337,-3.3668218,-9.169623
,-5.4295087,-4.6470275,-8.98537
3001138,-5.527618,-6.43453,-0.46661708
,-1.0122001,-0.64369226,19.767815
,-7.324692,3.5630403,24.1253
,-19.923353,19.121729,37.449013
,25.151857,18.210032,9.727171
,57.518333,10.361292,-31.45717
,44.83592,20.174608,-18.616825
,16.578068,3.7640445,-21.639069
3001177,-1.3902797,-4.276127,-23.83097
,-12.5579815,5.941591,-9.7917795
,-16.051628,31.04559,9.810924
,-35.896015,47.81509,-22.986275
,-78.40124,59.97585,-25.041782
,-58.674107,40.99291,-23.218388
,-42.222862,7.84156,-19.145658
,-35.271465,6.3483853,-20.650797
3001215,-27.26001,9.408915,-22.325832
,-17.78888,6.688178,-22.842701
,-8.463716,5.678371,-24.039154
,-0.2919348,12.002827,-13.625218
,4.240233,22.390442,28.427748
,-5.7860518,14.623061,47.621265
,-15.750121,21.947754,23.122671
,44.445873,22.110472,24.601488
3001253,78.32227,-2.4814458,41.794533
,78.32227,-4.0488005,46.460705
,49.80599,19.794136,32.41194
,24.632595,22.696733,25.723763
,3.2615337,3.8095098,28.999653
,-16.255024,17.059042,22.75177
,-21.399776,6.951398,20.01907
,-17.396442,-1.2395264,8.942298
3001292,-11.883182,-8.966227,4.3096275
,-11.301705,-7.2840123,1.0002356
,-11.55296,-8.963834,-5.8937325
,-11.217953,-11.280169,-13.780758
,-9.0428,-7.386907,-21.763498
,-1.4429235,-4.3407354,-18.214817
,3.6802926,1.7635733,-18.40625
,6.042093,6.870039,-13.491216
3001331,9.698457,8.123923,-12.163152
,11.203596,9.88271,-10.045428
,12.77095,10.567082,-5.6807637
,11.4716015,10.026285,-5.9176617
,7.997099,8.523539,-4.264162
,4.663778,7.2720475,-4.4867024
,1.3591717,5.989449,-5.022714
,0.75615895,5.2189326,0.9404129
3001369,2.2541194,8.207675,12.21101
,4.0033355,11.866431,35.09439
,3.1682103,26.57803,58.178776
,-15.714228,31.624674,39.593056
,-47.236004,14.115765,-6.357957
,-44.86942,4.457988,-25.28586
,-15.144715,-9.566847,-17.037506
,1.8257889,-18.150208,-17.324656
3001408,10.3924,-7.207439,-10.902089
,12.385693,1.8927903,-16.855644
,12.409621,11.045664,-11.51946
,19.061907,25.355253,-3.5271466
,28.523464,36.463135,-12.335442
,37.96588,17.27919,-20.186573
,45.290573,11.062414,-17.91331
,43.94097,12.254083,-22.823557
3001446,33.61318,14.422057,-27.798414
,25.376791,13.290212,-26.06834
,18.442142,8.77958,-25.350468
,4.6422415,15.125572,-17.169115
,-5.604191,26.506243,18.51393
,-6.30292,28.604824,35.28343
,-14.694849,22.115257,26.204737
,-16.829323,25.635225,34.113297
3001484,-4.6494203,32.5938,35.99891
,-15.214109,6.3124914,42.158257
,-45.05846,-12.337834,38.2626
,-37.458584,5.601798,28.693361
,-23.938652,23.050884,19.375378
,-10.394793,16.439278,23.144207
,-0.4091873,10.397185,14.986783
,6.1067014,-8.368,13.493608
3001523,5.3768644,-7.5448394,4.886318
,5.1399665,-8.126316,6.4967456
,5.721443,-10.1435375,-3.0916374
,7.678842,-10.7298,-7.5400534
,5.125609,-10.303863,-8.671899
,2.895419,-3.9937637,-10.593404
,0.18903974,1.9573988,-13.589325
,-3.1299238,8.781973,-13.941083
3001561,-5.857839,12.282797,-13.160995
,-8.066493,12.995884,-10.96909
,-10.157895,12.218188,-11.373492
,-11.928647,11.61039,-10.12918
,-10.780051,8.028207,-8.092815
,-9.818102,5.343364,-7.6453414
,-7.274441,3.5271466,-7.262476
,-3.7449012,0.41875893,-5.522832
3001599,-1.6008555,-3.359643,-7.542446
,-2.2565124,-4.8767467,-6.4656377
,-3.072494,-6.166524,-2.6513422
,1.562569,-2.3761578,15.060964
,-1.0600582,2.88824,19.37059
,-12.574732,16.216738,36.36981
,13.247139,16.207167,17.908524
,48.36546,9.303627,-27.109255
3001638,39.951992,15.151894,-17.48498
,22.83313,2.9313123,-18.91594
,1.6247846,-1.6750357,-23.388283
,-12.036327,7.997099,-2.864311
,-15.8769455,29.435162,13.218424
,-36.08266,44.826347,-19.423235
,-78.40124,52.581764,-30.069283
,-62.919125,43.163277,-19.22223
3001676,-40.54783,8.643184,-17.784094
,-33.139385,7.8319883,-19.801315
,-24.637383,11.957362,-25.972624
,-14.21866,11.806608,-25.76444
,-5.7166576,11.895146,-24.211445
,0.63651353,15.455793,-17.063828
,8.815474,25.704618,20.526365
,-5.4630094,11.981291,48.81772
3001714,-26.901073,19.930532,30.784763
,40.942657,24.737885,20.739334
,78.32227,-7.6261983,40.645935
,78.32227,-4.843246,45.66865
,51.035942,12.431157,31.248987
,29.078619,30.433004,17.056648
,7.5400534,-24.905388,46.78614
,-13.706577,19.279661,22.746984
3001753,-19.040369,16.62114,12.175117
,-16.266989,10.756122,8.5642185
,-10.961912,0.43311638,8.77958
,-8.760436,-9.102622,2.5675905
,-7.8822393,-8.085636,-9.901854
,-9.485488,-7.29837,-18.693398
,-6.8843966,-7.4778376,-25.113571
,-1.6678569,-5.443866,-20.567045
3001791,2.5915194,-0.5312256,-15.929589
,7.592697,4.2474117,-16.566103
,10.270362,7.9875274,-13.558217
,11.952576,10.30147,-8.341678
,12.7589855,11.725249,-6.2789907
,9.1983385,11.040878,-6.8150024
,6.78868,9.597955,-5.9750915
,3.7018287,8.420644,-5.7621226
3001830,1.380708,7.9372764,-1.2036327
,1.9191123,12.749414,16.759928
,3.8956544,19.363413,38.516247
,-0.3828653,32.91206,66.71906
,-25.752478,29.758205,36.884285
,-47.71937,11.966933,-14.737921
,-37.460976,1.0433079,-18.70297
,-11.976505,-10.806373,-5.3816504
3001869,4.292877,-10.722621,-11.454851
,15.331362,-6.7791085,-8.832224
,16.41535,-4.020086,-10.105251
,17.877417,4.83846,-8.638398
,25.372004,22.541195,-7.24094
,28.387068,32.947952,-15.458186
,30.356432,15.608939,-19.621847
,35.20925,9.368236,-15.307433
3001907,39.3418,14.426843,-17.001612
,33.988865,19.751064,-25.383968
,29.35859,16.776678,-25.238
,20.976233,9.698457,-23.809435
,8.5043955,5.4510446,-26.1162
,-0.28954187,13.984155,-17.853487
,-4.6518135,22.74459,8.430215
,-8.176567,23.551,20.188965
3001945,-10.629298,21.390205,32.352116
,-9.935354,18.688612,36.403313
,-14.958069,22.139185,20.337326
,-39.085762,3.328535,40.724903
,-59.068935,-9.370628,48.564068
,-37.362865,14.970033,32.23247
,-22.031506,29.109728,24.058298
,-8.707792,15.029856,24.484236
3001984,1.746823,10.660405,13.378749
,6.396243,5.671192,6.489567
,6.8580747,-4.8456388,4.5895977
,7.1189017,-8.413465,10.476151
,10.9284115,-11.433315,3.8166883
,11.0289135,-13.440965,-1.3089207
,8.0641,-15.805158,-3.441002
,5.460616,-8.798723,-8.963834
3002022,0.911698,-0.234505,-10.354114
,-2.60827,8.676684,-12.407228
,-4.635063,14.173195,-12.09615
,-7.4826236,17.200224,-12.5173025
,-9.930569,17.303118,-13.244746
,-11.995648,14.450772,-12.773343
,-12.270833,10.351721,-11.249061
,-10.55751,6.063629,-9.619491
3002060,-7.420408,2.6369848,-7.1260805
,-3.8166883,-0.4977249,-5.3768644
,-1.8114314,-1.7133222,-3.1706033
,-0.30629224,-1.7922882,-1.2849916
,-0.23211208,3.3452854,16.616354
,-1.5553902,9.708028,32.474155
,-1.1797037,21.203558,42.37601
,35.130283,10.849445,24.639774
3002099,52.20129,-0.2680057,-24.235373
,24.376554,5.941591,-24.098978
,5.494117,-4.3670573,-2.2110472
,1.9669704,-6.692964,-13.373963
,-10.669977,4.319199,-10.122002
,-18.903975,17.702734,3.0366004
,-41.914177,40.421005,-5.709479
,-66.11605,48.30803,-36.448776
3002137,-62.423794,40.375538,-20.418684
,-35.43179,8.848974,-9.475916
,-35.242752,7.3773355,-20.473722
,-31.619888,13.7329,-28.119062
,-21.318419,15.261968,-21.782642
,-13.283032,13.512752,-25.876907
,-5.6329055,14.1468725,-24.649345
,-0.11485959,16.853252,-15.250003
3002175,4.9102473,18.200459,25.09682
,-4.0176926,7.288798,44.981888
,-18.542645,16.123415,25.199715
,31.31838,13.7664,15.455793
,78.32227,-2.6920216,35.00585
,77.810196,2.08183,38.683754
,48.626286,13.026992,28.353567
,30.208073,37.13315,13.878867
3002214,9.688885,-16.862823,47.90602
,-10.332577,10.873374,27.169079
,-18.23396,11.78268,16.939396
,-17.865452,10.559903,6.982506
,-13.886045,-0.8997334,8.813081
,-11.064807,-7.0734363,0.8877689
,-7.4563017,-8.662328,-9.667349
,-4.6996713,-10.440258,-19.784565
3002252,-0.11246668,-10.519224,-23.881224
,2.4981961,-6.5422106,-19.95446
,5.0968943,-3.153853,-14.3885565
,9.767851,3.4984317,-14.960462
,13.072457,9.0571575,-12.823594
,15.190181,13.18253,-9.624276
,15.281111,15.376827,-6.9418263
,14.039192,12.333048,-4.9892135
3002291,11.351956,10.282326,1.0576653
,9.655384,13.2016735,4.3024487
,8.937511,20.61251,29.181515
,5.623334,37.28151,59.21969
,-9.877925,43.017307,63.31156
,-50.710506,27.245651,6.8389316
,-48.85361,13.8453665,-26.884323
,-20.665154,0.8925547,-13.070064
3002330,-3.3165705,-3.9482985,1.9238981
,-4.55849,-0.46661708,-9.6912775
,2.3665862,-0.43072346,-2.9289196
,22.325832,0.5551547,-6.513496
,36.07548,7.104544,-6.8604674
,30.275074,16.989647,-8.714972
,28.645502,19.98796,-14.55606
,28.427748,15.867373,-18.475643
3002368,25.718977,9.466345,-15.415114
,27.941988,9.684099,-12.828381
,27.370083,13.606075,-21.371061
,26.271738,12.000434,-19.751064
,19.17916,8.765223,-12.842738
,7.274441,7.554411,-16.331598
,2.5340896,10.837481,-20.363647
,-1.0792016,16.441671,-19.186337
3002406,-3.3692145,23.304531,-2.3785505
,-8.166995,24.898209,23.641932
,-14.752278,20.495258,39.02833
,-19.703205,20.839836,31.162842
,-33.273388,17.697948,32.909664
,-50.806225,4.2019467,45.6184
,-43.622715,7.889418,43.546143
,-20.588581,38.86083,16.886753
3002445,-7.9875274,10.0430355,34.00083
,-4.2067323,15.206931,15.053784
,3.6515777,-2.5053747,12.033935
,8.372786,-11.962148,10.607761
,6.3292418,-16.63789,6.6283555
,9.109801,-15.611332,3.2639267
,13.082028,-16.673784,3.8621538
,12.897775,-15.695085,1.5266753
3002483,11.435708,-11.428529,-3.2495692
,6.221561,-3.070101,-11.93104
,0.33500713,5.329006,-11.68457
,-4.400558,10.739371,-9.643419
,-8.097601,16.664211,-9.507024
,-9.289269,21.98604,-10.835088
,-11.639105,23.125063,-12.68002
,-12.718307,19.562023,-12.991098
3002521,-12.32587,14.065514,-12.534053
,-10.559903,7.2576904,-9.090658
,-8.233996,2.6154485,-7.2792263
,-6.535032,0.75855184,-6.5469966
,-4.4101295,-0.7944455,-6.439316
,-2.8738825,-1.6511066,-8.056922
,-1.9837208,-2.5293038,-5.2500405
,-2.057901,-3.1945324,-2.6609137
3002560,1.2849916,1.9119335,15.381613
,-6.1617384,7.609448,18.509144
,-2.108152,25.374397,52.440582
,44.603806,6.7575727,18.57136
,57.489616,5.592226,-29.995104
,28.77472,14.769029,-19.614668
,11.995648,2.4288018,-9.112194
,-0.7681235,2.0626867,-9.9927845
3002598,-16.759928,12.928883,7.6070547
,-36.6091,37.386795,13.424214
,-78.40124,56.63774,-38.37507
,-78.40124,56.977535,-34.82399
,-42.888092,10.631691,-11.127023
,-37.458584,-0.99305683,-18.387106
,-29.475842,4.0775156,-28.078384
,-10.3924,12.297154,-17.738628
3002636,-3.5917552,15.4749365,-24.711561
,-1.2969562,15.618511,-32.447834
,4.742744,15.7261915,-1.304135
,1.1940612,7.2720475,45.357574
,-2.8188457,9.217482,42.931164
,12.443122,18.241138,21.789822
,77.72166,7.4323726,27.616552
,78.32227,-1.6367491,44.46741
3002675,61.02394,6.506317,43.28771
,32.60098,51.804066,20.100428
,16.520638,15.386399,23.137028
,2.471874,-4.5943837,32.201363
,-3.649185,-6.6666417,23.412212
,-3.7329366,-0.8925547,5.0657864
,-6.6857853,-6.458459,-0.7130866
,-10.150716,-16.606783,-0.9954498
3002713,-13.397892,-15.037034,-1.0193789
,-14.907818,-9.964069,-10.698692
,-13.567789,-6.86286,-18.154993
,-8.468502,-7.3462276,-16.640284
,-0.90691215,0.59583414,-12.297154
,3.5510757,14.955675,-11.954968
,6.357957,18.277033,-8.466109
,8.480466,17.16433,-6.269419
3002751,8.98537,15.6759405,-5.659228
,9.243804,13.69222,-3.4433947
,7.1739383,11.134201,-4.0416217
,3.5558615,8.260319,-4.5489182
,0,4.213911,-4.8336744
,-3.6539707,2.1727605,-5.230897
,-4.1971607,2.5843408,-3.823867
,-3.4816813,2.4359803,-1.5386399
3002790,0.33022133,10.31822,19.676884
,2.3330853,21.27056,38.083134
,-2.3211207,38.93501,69.59055
,-27.331797,34.374126,36.73832
,-56.647312,12.991098,-21.548138
,-32.620125,2.237369,-35.919945
,-8.5043955,-2.2708697,-19.875494
,12.897775,-5.2883267,-13.137066
3002829,15.795587,0.43072346,-11.00977
,20.270325,9.88271,-13.072457
,24.601488,27.96831,-9.777423
,32.069756,35.582542,-12.3665495
,39.143192,15.8266945,-17.647697
,41.739494,6.8652534,-22.081757
,43.464783,10.710656,-22.467014
,35.9678,23.488787,-25.616081
3002867,26.489492,20.614902,-30.5024
,11.301705,11.002591,-26.479921
,-0.90691215,10.495295,-18.475643
,-11.220346,21.363884,0.7657306
,-14.510594,27.003967,19.612274
,-16.939396,26.738356,33.352352
,-16.159307,25.479685,38.635895
,-19.36102,22.902523,24.721134
3002906,-33.36671,-0.50968945,44.847885
,-52.64398,-7.004042,49.408768
,-39.698345,8.683864,22.390442
,-24.185122,18.501965,19.870708
,-14.970033,27.38444,10.811159
,0.5288327,-33.936222,37.099648
,6.219168,2.6513422,3.15146
,7.7937016,6.1043086,-1.6439278
3002944,8.691042,-11.445279,11.311276
,10.602976,-13.785543,7.291191
,11.804215,-15.786015,-0.055036888
,11.222739,-14.620668,-1.3878866
,7.4586945,-9.370628,-1.4764243
,3.493646,-1.1916683,-3.979406
,0.442688,4.182803,-5.802802
,-2.6441634,6.3723145,-5.6257267
3002982,-5.1950035,9.652991,-6.58289
,-7.398872,11.23231,-7.4563017
,-8.944691,10.794409,-8.535503
,-9.913818,8.784366,-8.770008
,-10.0837145,7.599876,-8.186138
,-8.801116,5.0586076,-6.590069
,-6.1043086,2.4264088,-3.5750046
,-2.940884,0.8351249,-2.9624202
3003021,-1.2993491,-0.3828653,-2.390515
,-0.22014755,-1.5817122,-3.5103962
,0.54079723,-2.5867336,-6.197632
,2.3043704,-3.5486827,-5.209361
,0.86623275,-3.0796728,3.022243
,6.556568,0.6867646,14.462736
,1.9645776,15.829087,17.571125
,5.666406,41.03359,53.86915
3003059,76.642456,0.36611494,-22.574696
,78.32227,19.664919,-35.65433
,15.797979,27.896523,-30.380362
,-7.5328746,11.978898,-22.270796
,-17.14758,9.911426,6.046879
,-34.323875,42.151077,3.2902486
,-78.40124,75.09185,-37.14272
,-78.40124,56.798065,-45.33125
3003097,-43.390602,5.726229,-29.95203
,-30.411469,-9.231839,-12.077007
,-12.761379,0.95955616,-26.168842
,-4.407737,11.060021,-26.307632
,-3.0844586,19.753456,-23.96976
,1.586498,31.076698,-19.250946
,5.43908,30.51197,7.181117
,-1.3687434,17.348583,37.391582
3003136,-2.060294,8.406286,48.710037
,17.1739,13.902796,39.995068
,66.78846,10.880553,35.721333
,78.32227,-9.126552,43.579643
,53.268528,-0.27039862,29.68881
,25.312181,10.193789,24.658918
,12.713521,29.114513,10.985841
,-0.6939433,-15.812337,27.45144
3003174,-8.418251,-9.01887,24.862314
,-10.964305,-1.4381378,7.6908064
,-14.211481,-5.963127,11.485959
,-18.166958,-11.61039,10.447436
,-21.294489,-15.616118,-4.886318
,-21.909466,-16.171272,-13.022206
,-16.293312,-11.966933,-20.722584
,-8.789151,-9.382592,-17.980312
3003212,-2.3450499,-4.6230984,-15.27154
,3.6061125,14.4077,-15.051392
,5.771694,18.13585,-12.335442
,6.2670264,12.7542,-6.276598
,6.190453,10.512045,-4.4364514
,6.3053126,12.66327,-4.0799084
,5.9009113,12.641733,-4.225876
,4.7451367,9.487881,-4.5106316
3003251,2.3594074,6.089951,-4.8887115
,1.3519931,5.491724,-6.1832747
,1.8090385,5.75973,-6.214382
,2.7781663,3.6898644,-5.6352987
,6.1282377,2.9576344,0.10050214
,7.3294773,1.4955676,10.631691
,8.128709,6.9083257,30.102783
,11.753964,15.898481,42.407116
3003290,5.7142644,41.73471,38.396603
,-33.058025,33.3715,19.760635
,-60.164886,20.79437,-29.20305
,-28.028133,9.559668,-39.995068
,7.9516335,-7.659699,-19.786957
,13.826223,-7.0519004,-11.217953
,17.269617,10.24404,-9.885103
,27.01354,27.439478,-9.325163
3003328,44.469803,30.720154,-14.529737
,57.314934,16.848465,-20.033426
,56.647312,10.3924,-21.416527
,41.095802,9.897068,-27.544765
,29.94246,12.464658,-39.90653
,18.825008,12.967169,-36.434418
,5.001178,10.794409,-30.217644
,-6.214382,16.207167,-10.760908
3003367,-11.416565,28.250673,34.802456
,-9.710421,28.62636,37.81513
,-19.253338,28.90633,41.03598
,-12.995884,32.335365,42.60812
,-30.736904,16.836502,25.19493
,-78.40124,-29.337053,43.33796
,-59.77963,-6.798252,39.597843
,-32.112827,12.785308,12.706342
3003405,-22.143972,28.212387,3.75208
,-10.502474,-3.175389,16.738392
,-3.072494,-7.054293,8.703007
,-1.14381,-3.9506912,2.9791706
,8.793938,-11.351956,6.7264647
,14.024835,-19.669704,10.660405
,19.365805,-21.954931,5.673585
,18.494787,-17.836737,-2.1990826
3003443,14.716385,-14.271304,-3.988978
,7.7769513,0.028714897,-6.2933483
,2.184725,7.817631,-6.6666417
,-2.2780485,11.51946,-5.185432
,-4.5656686,14.6398115,-5.798016
,-6.24549,15.257182,-6.3794928
,-6.6163907,13.620433,-6.716893
,-8.336892,12.026756,-5.984663
3003482,-8.272284,10.780051,-6.463245
,-7.839167,9.583597,-6.2550616
,-5.697514,6.8843966,-4.551311
,-3.1394954,5.1184306,-3.6252558
,-0.84708947,3.491253,-2.3833365
,0.6676214,1.4883888,-2.4288018
,0.6867646,-0.78008807,-3.4481807
,-0.55754757,-3.5295393,-4.848032
3003520,-3.2998202,-5.89134,-0.5934412
,-3.1036017,-8.552254,-3.3404996
,0.87819725,-4.3670573,12.32587
,3.0772798,6.326849,13.199281
,-16.534994,42.78998,32.490906
,24.16598,30.342075,78.40124
,78.32227,7.1476164,-28.973331
,44.761738,26.68332,-58.38935
3003558,-16.515852,7.860703,-46.321915
,-7.815238,-8.391929,-6.7480006
,-21.737177,8.662328,21.428492
,-55.07996,64.871735,-7.8319883
,-78.40124,78.348595,-36.396133
,-71.48813,38.511463,-55.694935
,-40.504757,-10.066964,-6.2239537
,-27.563908,-13.376356,-2.4048727
3003597,-10.65562,3.776009,-24.022404
,-6.1306305,12.950418,-21.864
,-6.1737027,17.580696,-21.505066
,-4.8217096,21.227488,-25.936731
,0.8877689,30.8733,-15.745336
,4.898283,27.262402,2.392908
,0.9954498,20.430649,26.417706
,-0.9499845,13.098779,40.99291
3003635,8.509181,11.895146,35.38154
,68.319916,7.185903,36.08027
,78.32227,-12.239725,33.962543
,64.73295,-4.50106,24.771385
,24.11812,3.9195836,21.227488
,10.753729,8.166995,27.595016
,-2.4862316,32.524406,-0.3230426
,-10.18661,-7.255297,18.992512
3003673,-11.34717,-26.604353,29.818027
,-14.910211,-0.5168682,0.11485959
,-20.1435,14.797744,-11.000198
,-18.413427,1.8162172,5.8482676
,-17.903738,-18.076027,2.163189
,-14.359841,-15.149501,-12.206224
,-9.344306,-11.268204,-12.775736
,-5.049036,-6.274205,-13.1011715
3003711,-0.27279153,0.42354473,-12.311512
,3.5726118,5.283541,-9.014085
,5.963127,7.496981,-5.778873
,6.767144,8.59054,-4.7499228
,7.757808,10.150716,-1.9980782
,7.5687685,11.299312,-0.63172776
,7.4084435,11.61039,0.60540575
,5.498903,8.918368,1.3256711
3003750,2.9193478,5.4749737,0.15793194
,0.3565433,4.455595,-0.8877689
,-2.079437,3.4481807,-2.603484
,-1.4931747,3.6132913,-4.613527
,-2.6896286,3.2471762,3.5989337
,1.3998512,6.3603497,9.746315
,1.3113136,11.954968,36.60671
,-2.342657,29.217407,51.878246
3003789,-8.509181,63.28524,66.5372
,-69.00908,35.793118,-5.3696856
,-68.877464,20.677118,-50.0716
,-9.363449,-4.76428,-44.070187
,19.49263,-2.5915194,-13.070064
,14.211481,6.5206747,-6.164131
,27.47537,22.072184,-8.427822
,46.362595,30.497614,-12.055471
3003827,57.109146,21.100664,-20.930767
,56.07062,15.37922,-21.40217
,37.11161,4.50106,-21.44285
,23.239923,3.5869691,-18.265068
,15.364862,6.84611,-14.579989
,11.323241,8.808294,-10.1435375
,7.865489,11.110272,-17.236116
,2.6202343,16.025305,-27.070969
3003866,-4.2569833,20.77762,-22.182259
,-7.0279713,23.857294,-9.17441
,-7.518517,32.392796,13.208853
,-11.859253,31.296844,28.530643
,-17.57591,25.336111,26.398561
,-25.82905,17.240902,30.042961
,-25.436613,16.86043,28.403818
,-36.030018,9.925783,28.70054
3003904,-51.80646,-4.663778,45.951015
,-28.02574,0.16989647,17.587875
,-18.229174,1.277813,10.263183
,-13.0102415,1.8305746,-0.22254045
,-4.692493,0.64369226,8.0617075
,-0.5551547,0.3804724,8.461323
,3.3500714,-6.558961,9.772636
,8.267497,-14.33352,9.4137
3003942,16.075556,-23.227959,8.088029
,19.32034,-23.857294,0.598227
,18.27464,-20.356468,-5.757337
,14.934139,-12.62259,-7.839167
,9.806137,-4.16366,-10.325398
,2.9719918,3.5486827,-11.1294155
,-3.2615337,9.932961,-10.248825
,-6.535032,13.98894,-8.698221
3003981,-9.574025,15.9271965,-5.467795
,-10.868588,16.525423,-6.4943523
,-10.82073,16.18563,-5.541975
,-9.949712,14.505809,-3.6850784
,-7.961205,11.916682,-2.680057
,-5.0968943,9.509417,-0.859054
,-1.3783151,6.8150024,0.83751786
,2.6106627,4.4651666,1.3854938
3004019,5.807588,2.4264088,2.474267
,7.609448,0.78248096,3.4146798
,8.566611,-0.6676214,3.256748
,6.9705415,-1.8832186,2.3809435
,6.4536734,-1.3759222,6.5924616
,5.728622,-0.27997026,8.583362
,9.073908,7.0399356,10.550332
,2.8068812,23.907545,5.9176617
3004057,-7.492195,57.587727,39.762955
,14.359841,45.867264,78.40124
,78.32227,3.050958,-21.174843
,49.88256,-15.269147,-45.288177
,-4.4220943,-3.1873536,-37.02786
,-19.186337,5.3768644,0.2632199
,-15.020284,19.035583,-6.882004
,-51.418808,34.768955,4.2043395
3004096,-78.40124,49.18144,-31.773033
,-78.40124,39.45427,-45.285786
,-40.231964,1.170132,-25.048962
,-26.98961,-13.565396,-8.583362
,-16.250238,2.6633067,-19.629025
,-7.360585,17.087757,-22.99824
,-3.201711,23.62279,-21.380634
,0.16032484,24.812063,-21.366276
3004134,3.9698346,28.59286,-14.127729
,5.963127,26.01091,-12.074615
,10.002356,25.616081,-1.3854938
,15.630476,29.057083,27.40119
,19.96164,25.01307,43.74954
,42.82827,10.447436,37.30065
,53.40971,-4.5704546,32.555515
,58.33192,-11.134201,31.579208
3004172,32.94556,23.967367,24.589523
,13.704185,-15.587403,20.964268
,5.886554,-14.307198,21.136557
,-0.6676214,3.82626,13.570182
,0.7322299,-0.5264398,5.55394
,-1.5506045,-3.2878556,9.440022
,-3.9004402,-7.2265825,10.12918
,-8.119137,-11.1294155,9.827674
3004211,-11.880789,-13.443357,6.6163907
,-14.627847,-12.756593,-1.0289505
,-14.386164,-13.0916,-6.121059
,-14.058335,-11.194024,-7.674056
,-13.0509205,-8.207675,-8.537896
,-9.073908,-3.098816,-13.065278
,-5.9750915,0.12682413,-13.024599
,-2.60827,5.0873227,-10.160288
3004250,0.4785816,8.377571,-6.4967456
,2.2301903,8.4541445,-4.788209
,3.330928,9.521381,-3.8956544
,3.3237493,13.941083,-2.8475606
,2.392908,13.694613,2.4359803
,1.040915,11.184452,3.926762
,0.52165395,8.889653,2.2325833
,-0.6580497,8.200496,2.555626
3004288,-1.1342385,7.965991,1.2275618
,-1.8688612,7.111723,0.6939433
,-2.8451676,4.5393467,-0.08135887
,-3.383572,3.1466742,-0.2632199
,-4.716422,1.4620669,4.8217096
,-2.0435436,9.093051,11.385457
,-5.266791,17.506516,28.296139
,-8.468502,43.024487,42.998165
3004327,-16.841288,78.348595,78.40124
,-78.279205,78.348595,25.257145
,-78.40124,67.61162,27.42512
,0.5695121,-26.362669,-57.453724
,31.880714,-20.610117,-15.307433
,27.197794,-15.910446,8.368
,38.37746,9.4495945,8.487645
,55.32882,14.812101,-12.043507
3004365,66.00119,20.681904,-13.653934
,56.17591,18.224388,-28.616787
,34.713917,-5.857839,-31.708426
,22.333012,-14.627847,-3.7951522
,11.66782,-5.5563326,6.633141
,6.5661397,6.0995226,-5.441473
,5.1638956,11.658248,-5.5874405
,-0.043072347,13.254318,-7.365371
3004403,-7.1165085,12.799665,-9.9425335
,-11.031306,13.510359,-10.193789
,-7.159581,16.058805,-11.648677
,-6.9729342,16.063593,-16.032484
,-5.3577213,13.070064,-15.446221
,-5.135181,9.444808,-10.906875
,-4.407737,9.779816,-7.1189017
,-3.3524642,12.857095,-5.2500405
3004442,-2.3019776,15.336148,-3.929155
,-2.4383733,15.628083,-1.6487137
,-2.81406,14.965247,-1.5841051
,-5.2691836,16.025305,-1.1031306
,-6.58289,16.810179,1.5601761
,-5.790838,16.807787,3.1347096
,-1.9454343,15.465365,9.284483
,-0.10050214,11.933433,18.839365
3004480,1.6152129,9.968855,21.780249
,-0.35893622,9.731957,16.783857
,-5.57069,3.5869691,14.989177
,-14.338305,5.7381935,16.781464
,-17.360548,-8.868117,18.296175
,-14.5895605,-9.4137,9.95689
,-11.316062,-9.959284,3.6396132
,-8.021028,-12.278011,3.2328188
3004518,-3.988978,-9.712814,0.27518442
,0.31107804,-8.600112,-0.9834852
,1.8951832,-7.853524,-1.9478272
,0.93084127,-6.8891826,0.24646953
,1.0265576,-6.4536734,-1.4357449
,1.2825987,-6.24549,-0.39482984
,2.2301903,-2.5819478,2.2038684
,3.1658175,1.3878866,1.9956853
3004557,3.8908687,3.3740003,0.7944455
,4.692493,4.5154176,0.86862564
,4.936569,4.16366,0.7705164
,5.2883267,4.8647823,3.1107805
,6.6163907,5.9511623,3.2734983
,6.956184,11.440494,8.502003
,8.949476,21.440456,11.880789
,7.70995,43.658607,20.650797
3004595,5.436687,75.5489,56.343414
,27.209759,56.400845,51.744244
,78.32227,29.382519,22.682375
,50.3755,-2.9863493,-46.79571
,4.393379,-6.692964,-26.367455
,-19.621847,10.327791,-5.6951213
,-20.229645,16.71207,0.15075321
,-30.083641,15.206931,-7.080615
3004633,-51.12209,14.771421,-9.47113
,-52.71337,16.922646,-19.399305
,-40.421005,12.806844,-25.439007
,-24.417234,2.2780485,-19.052334
,-16.623533,2.471874,-11.268204
,-12.866667,11.002591,-11.957362
,-11.261025,17.618982,-13.160995
,-8.190925,19.590738,-15.561081
3004672,-5.9487696,20.136322,-16.199987
,-2.1440456,21.34474,-9.5907755
,0.6819788,20.940338,-8.712579
,4.189982,18.96619,-8.066493
,9.181588,14.213874,-8.0641
,10.973877,15.65919,-6.86286
,8.303391,25.998947,7.420408
,5.1758604,24.012833,19.660133
3004710,2.9552414,12.5077305,22.22533
,2.81406,20.322968,15.893696
,3.3452854,-12.479015,20.638832
,6.1856675,-15.800372,20.55508
,8.600112,-6.2622404,13.60129
,11.012163,-5.7860518,7.585519
,13.854938,-9.530953,10.086107
,15.491687,-7.887025,11.270597
3004749,12.263654,-3.383572,11.933433
,8.116744,-2.4024796,12.94324
,4.886318,-3.0796728,11.383064
,0.86862564,-0.8805902,7.968384
,0.54079723,-7.1236873,8.449359
,0.80641,-11.418958,6.645106
,1.14381,-12.828381,3.4505734
,1.2108115,-10.337363,1.6558924
3004788,-0.40200856,-6.568533,0.5049036
,-2.1033661,-4.773852,0.002392908
,-3.697043,-2.6202343,-1.1749178
,-5.254826,1.5314612,-2.3594074
,-5.5084743,5.534796,-2.7422726
,-5.128002,9.346699,-1.2060257
,-5.5874405,11.619962,-0.8542682
,-5.0657864,11.818573,-0.42593765
3004826,-4.2617693,10.452223,0.16750357
,-4.2976627,8.791544,-0.031107806
,-3.1945324,7.8272023,-0.71787244
,-3.5989337,7.6190195,1.0911661
,-3.2304258,7.374943,1.7731448
,-2.7877378,10.320613,3.3979294
,-3.955477,17.853487,11.615176
,-7.942062,24.44595,17.305511
3004864,-12.414407,40.36836,31.524172
,-22.110472,62.959805,52.62244
,-37.463367,57.00625,17.138008
,-62.29697,14.158837,-11.53621
,-1.9334698,6.3794928,-36.317165
,24.343054,19.973604,-13.665898
,20.490473,24.522522,4.493881
,26.56128,22.581873,3.7975452
3004903,46.479847,21.670176,-10.5862255
,48.2506,14.084657,-9.684099
,39.23412,8.095208,-12.423979
,28.090347,4.393379,-12.852309
,15.187788,4.8264956,-7.654913
,7.142831,7.8630958,-7.815238
,4.323985,10.734586,-5.1686816
,3.0653152,13.60129,-6.2095966
3004941,1.1629534,16.633104,-8.6048975
,-0.6867646,18.566574,-11.691749
,-2.6896286,19.181551,-13.309355
,-4.5895977,19.301197,-13.120315
,-6.2359185,18.647932,-11.892754
,-6.5254602,16.353134,-11.780287
,-6.144988,14.182766,-12.352192
,-6.197632,13.371571,-12.318691
3004979,-5.0849295,12.77095,-11.545781
,-4.3024487,13.225603,-8.107173
,-2.134474,18.080814,2.2780485
,-2.471874,19.14805,15.374434
,-3.3189635,12.191867,21.3926
,-3.381179,11.21556,13.591718
,-1.7061435,1.1820966,17.365334
,0.54079723,1.4501023,16.812572
3005018,-1.2562767,-0.18425392,13.89801
,-6.1856675,-1.6989647,10.693906
,-8.7053995,-4.5537043,9.045193
,-11.1796665,-7.106937,9.2485895
,-13.156209,-6.257455,8.7053995
,-12.981526,-10.509652,12.936061
,-11.6726055,-9.303627,12.974348
,-9.210303,-5.3816504,10.538367
3005056,-6.4943523,-5.6687994,4.9892135
,-4.544132,-7.1284733,4.2545905
,-2.6250203,-7.3557997,4.450809
,0.35415038,-8.365606,4.182803
,2.5221252,-8.85376,4.929391
,4.6781354,-7.3557997,3.5869691
,5.879375,-4.216304,-0.026321989
,6.695357,-0.36372203,-1.5529974
3005094,7.4132295,1.3160994,-0.5910483
,7.5879116,0.51926106,1.040915
,6.3172774,0.89494765,2.029186
,5.623334,3.9913707,1.8425392
,5.312256,6.0851655,1.7922882
,5.75973,7.2816195,1.5194967
,4.2091255,7.7434506,2.1057591
,4.187589,8.193317,1.2730271
3005133,3.3644288,8.265104,1.0552725
,4.6589923,8.777187,2.6010911
,5.2739697,9.183981,2.7877378
,5.8506603,11.162916,3.8621538
,6.3388133,15.013105,8.109566
,8.509181,20.897266,5.386436
,11.646284,32.83788,13.510359
,16.812572,50.6124,29.820421
3005171,24.950853,53.751896,42.9192
,42.620087,20.724977,6.4417086
,30.267895,0.69155043,-10.914054
,0.96434194,11.648677,-8.078458
,-19.301197,20.61969,-3.7879734
,-24.728312,22.577087,-7.2505116
,-31.083876,26.441635,-15.853016
,-38.769897,20.921196,-12.699163
3005209,-30.442577,11.287348,-12.579518
,-21.780249,8.904011,-15.68312
,-16.788643,11.545781,-11.261025
,-11.806608,14.993962,-8.1622095
,-7.731486,17.252867,-5.659228
,-5.029893,17.752985,-4.6518135
,-3.5343254,16.963326,-5.446259
,-2.0531151,17.133223,-5.7884445
3005248,-0.95955616,17.52566,-7.1763315
,0.13400285,17.583088,-8.774794
,0.7154795,17.080578,-8.32732
,0.90451926,17.047077,-7.274441
,0.6484781,17.080578,-7.396479
,1.2634555,16.281347,-8.040172
,1.5027462,15.343327,-7.7889156
,0.7944455,14.352663,-6.929862
3005287,-0.6125845,12.92649,-5.111252
,-1.5171037,11.086343,-1.8401463
,-2.134474,9.681706,1.0457008
,-2.237369,7.970777,1.7540016
,-2.8403819,6.1737027,4.580026
,-2.6680925,8.025814,8.710185
,-3.0653152,4.532168,12.5579815
,-2.4048727,0.67240715,13.754436
3005325,0.82076746,-0.055036888,10.354114
,4.2904844,-2.3330853,9.126552
,7.9300976,-5.4773664,7.8487387
,13.29739,-6.8341455,7.977956
,15.293076,-7.3079414,7.0207925
,15.269147,-4.685314,7.729093
,14.240196,-4.3024487,7.9492407
,12.316298,-4.170839,6.944219
3005364,8.315355,-0.84230363,5.946377
,5.8698034,-4.505846,3.9124048
,2.8451676,-6.1234517,4.6207056
,0.7872668,-6.7838945,4.027264
,0.07896597,-7.9277043,4.4412374
,-0.7059079,-6.9633627,4.3048415
,-2.9241338,-5.2428617,3.8334389
,-4.8049593,-3.9315479,4.1110163
3005402,-5.9990206,-2.627413,3.6635423
,-6.0684147,-0.5049036,1.639142
,-6.389065,2.395301,0.107680865
,-6.2311325,3.6420062,0.6867646
,-5.654442,4.084694,0.5527618
,-5.005964,5.5898333,-1.0026284
,-4.5895977,5.6329055,-1.0026284
,-4.1038375,4.6589923,-0.6795859
3005440,-3.6372204,3.5606472,-0.2991135
,-3.2423904,3.0102785,0.22014755
,-3.4768956,2.318728,0.17946811
,-4.0775156,3.0868514,0.069394335
,-6.1737027,3.9770133,0.81358874
,-5.2883267,5.3218274,1.0744157
,-4.3359494,9.818102,3.2998202
,-5.984663,16.073164,11.718071
3005479,-8.944691,23.290174,18.927902
,-11.148559,43.70168,35.53947
,-22.15115,76.70706,63.84518
,-42.481297,59.143116,21.280132
,-67.65469,33.77829,4.635063
,-6.5158887,-10.519224,-26.542137
,22.498121,11.998041,-19.483057
,18.643147,18.767578,-1.0074143
3005517,19.67449,13.187317,-0.021536173
,29.70556,14.737921,0.80641
,37.59737,15.187788,-2.68245
,36.62346,14.254554,-3.1466742
,31.344704,10.023892,-7.528089
,23.881224,9.229446,-6.013378
,14.912603,12.122473,-2.9073834
,8.147852,15.391185,0.105287954
3005555,4.3790216,17.346191,-0.911698
,0.60301286,19.547667,-3.0389934
,-1.8066456,22.141579,-4.0918727
,-3.2160685,23.225567,-4.7499228
,-5.2978983,21.06477,-5.7740874
,-7.674056,18.731684,-6.0755935
,-7.6764493,16.953754,-5.391222
,-5.592226,15.39597,-5.34815
3005594,-3.0557437,14.72117,-5.340971
,-1.483603,14.285662,-5.8674107
,-0.44747382,13.1514225,-7.1524024
,0.27279153,12.299547,-7.63577
,0.55754757,12.02197,-6.843717
,0.8805902,12.086578,-5.9726987
,0.56711924,12.402443,-5.503689
,0.27757734,12.445515,-5.262005
3005632,-0.2392908,12.636948,-3.5247536
,-0.4139731,13.589325,0.9212696
,-0.45704544,14.386164,5.2955055
,-0.7130866,10.894911,10.468973
,-0.95955616,8.114351,12.373728
,-1.5290682,6.092344,11.170095
,-2.5173392,4.225876,10.198574
,-3.6108983,0.8925547,10.366077
3005670,-4.4101295,-3.462538,10.189003
,-4.936569,-4.560883,7.8200235
,-5.6687994,-6.4369226,6.8963614
,-6.4417086,-8.303391,6.2095966
,-6.322063,-10.95234,6.140202
,-6.9705415,-10.370864,3.9913707
,-6.953791,-8.695828,3.5606472
,-5.6448703,-5.467795,3.9937637
3005709,-4.687707,-3.6252558,4.0966587
,-3.5486827,-6.1043086,4.788209
,-2.8164527,-6.6498914,2.0961876
,-0.7944455,-6.968148,1.9358627
,0.5551547,-3.8860826,1.1605604
,1.9143264,-2.4264088,1.5912839
,3.0868514,-2.1440456,1.6606783
,4.0559793,-2.0866158,1.9908996
3005748,4.505846,-1.5194967,2.4479449
,4.529775,0.3230426,2.5986981
,4.661385,2.1033661,1.8257889
,4.50106,3.7688303,1.8688612
,4.453202,5.599405,2.7422726
,5.9200544,5.831517,3.441002
,5.5371895,7.0351496,3.874118
,5.8458743,9.160052,4.2856984
3005786,6.345992,12.036327,7.6884136
,8.056922,14.812101,8.296212
,9.786994,22.220545,5.2189326
,14.785779,37.846233,16.623533
,24.374163,53.644215,33.94819
,31.232237,48.085487,37.75052
,44.218548,15.714228,18.288996
,37.6883,1.196454,7.3821216
3005825,7.5950904,-1.7731448,-9.609919
,-14.02962,8.588147,-0.43550926
,-20.997768,18.779543,-3.986585
,-22.572302,30.985767,0.3613291
,-37.3174,33.601215,-17.475409
,-44.823956,21.36867,-12.86906
,-24.515343,10.638869,-10.528795
,-15.39597,9.313198,-9.26534
3005863,-11.825752,14.946104,-5.3385777
,-8.619255,17.116472,-1.9286839
,-5.3313994,16.948969,-0.97152066
,-2.761416,15.898481,0.7489802
,-0.4785816,16.721642,0.30629224
,2.2469406,18.492393,-2.1799393
,4.7499228,20.557474,-4.936569
,5.747765,21.184416,-4.6542063
3005901,6.1497736,20.957088,-4.175625
,6.944219,20.689083,-5.3266134
,6.369921,20.27511,-6.350778
,4.381415,18.336855,-6.1234517
,2.2852273,16.71207,-5.4869385
,0.42115182,14.914996,-5.2691836
,-1.3113136,13.598897,-4.6661706
,-3.3237493,13.0102415,-4.692493
3005940,-5.34815,12.849916,-4.7236004
,-7.4275866,13.326105,-4.5537043
,-9.0069065,13.335677,-4.3670573
,-10.059786,12.256475,-6.1425953
,-10.105251,10.827909,-7.238547
,-9.114587,9.70085,-7.1739383
,-7.8463454,9.2485895,-6.6474986
,-6.30292,8.825045,-5.2763624
3005978,-4.4173083,9.128944,-5.135181
,-3.2423904,5.8554463,-2.7877378
,-1.2969562,5.2739697,-1.5003533
,0.46901,3.1418884,-1.2132044
,2.010043,0.33022133,2.2469406
,3.9674416,-1.1150951,5.9296265
,6.484781,-2.4551237,8.334499
,9.054764,-2.2325833,9.102622
3006016,11.804215,-2.7925239,9.54531
,13.950654,-4.6972785,9.80853
,15.637654,-5.3816504,7.8008804
,15.300254,-4.268948,5.173467
,12.481409,-2.3306925,4.5489182
,9.045193,-1.8162172,5.6903353
,5.415151,-1.1677392,7.418015
,2.6968074,-0.31347096,7.8630958
3006055,0.93084127,-2.0483294,7.992313
,-0.24646953,-3.4768956,7.410836
,-2.732701,-2.3067634,5.0370717
,-4.108623,-3.0054924,5.056215
,-5.3505425,-5.412758,5.9679127
,-6.1234517,-5.3242207,5.0633936
,-6.4728165,-4.0607653,2.8020954
,-6.3603497,-2.7566302,1.3256711
3006093,-5.996628,-1.3663505,0.30629224
,-5.7142644,-0.15793194,-0.53840435
,-5.1902175,1.2060257,-1.0911661
,-4.3598785,2.4766598,-1.4237803
,-3.0581365,3.3452854,-1.9047549
,-2.5986981,4.63267,-1.277813
,-2.1536174,5.278755,-0.83991075
,-2.160796,6.9729342,-0.77530223
3006131,-2.0722585,10.555118,1.9573988
,-2.8738825,15.1327505,8.207675
,-3.9530842,18.260283,13.019813
,-3.6372204,24.163586,14.386164
,-6.5206747,39.31548,18.272245
,-17.15715,51.5911,35.240356
,-26.05159,50.138603,10.669977
,-31.653389,19.952068,-3.2591407
3006169,-17.482586,11.7755,-4.5991693
,-0.7968384,7.099758,-0.93802
,7.9803486,7.609448,-7.834381
,11.361527,7.6884136,-7.386907
,16.015734,8.018635,1.222776
,19.334698,9.753493,2.8403819
,20.746513,11.5314245,-0.014357449
,23.177708,13.330891,-3.8573678
3006208,21.177237,15.065749,-2.3211207
,15.317005,17.511301,-3.876511
,9.617098,18.825008,-5.5611186
,5.7405863,18.210032,-3.4481807
,2.4264088,17.750591,-1.9765421
,-0.31107804,17.879808,-3.022243
,-3.6802926,18.614431,-4.3622713
,-6.501531,19.18873,-5.2476473
3006247,-7.7937016,19.006868,-4.8552103
,-6.826967,17.875023,-3.984192
,-4.2521977,16.125807,-4.3120203
,-1.5793194,15.592189,-5.675978
,0.4785816,15.931982,-6.695357
,1.4429235,16.097094,-6.3412066
,2.1392598,15.742943,-5.4510446
,2.8236315,15.503652,-5.2380757
3006285,3.383572,15.740549,-5.5635114
,3.6802926,15.742943,-5.915269
,4.0033355,15.601761,-6.200025
,4.192375,15.075321,-6.0564504
,3.9746203,13.85733,-5.0394645
,3.5175748,13.036563,-4.321592
,2.811667,13.440965,-3.7927594
,2.4599094,11.1007,-2.6417706
3006324,2.1177237,7.3294773,0.9404129
,2.010043,7.0734363,3.0078855
,2.031579,6.664249,3.3189635
,1.4620669,5.0657864,4.5393467
,0.8829831,2.1584032,5.8745894
,-0.7226582,-0.9786994,6.590069
,-2.6250203,-3.75208,7.1835103
,-5.206968,-3.1442811,5.329006
3006362,-6.2407045,-4.5202036,4.2856984
,-6.690571,-6.1856675,3.6778998
,-7.3222985,-6.0803795,0.90691215
,-6.412994,-4.008121,0.13878867
,-4.788209,-1.7898953,2.526911
,-3.5582542,-1.354386,5.6927285
,-2.8451676,-1.1462029,7.2481184
,-1.3232782,-0.5240469,6.4536734
3006400,-0.5814767,-1.9478272,6.276598
,0.42593765,-1.5936768,4.814531
,0.45465255,-0.8614469,4.4603806
,1.0863802,-0.677193,4.218697
,1.2802058,-1.770752,4.680528
,1.586498,-1.8545038,4.448416
,1.8018597,-1.7563945,4.039229
,1.7731448,-1.8138243,3.8334389
3006439,1.9741492,-1.742037,3.5558615
,1.8592896,-1.509925,2.7183435
,1.6726427,-0.84948236,2.2254045
,1.5577831,-0.37568656,2.0770442
,1.3304569,0.34218585,2.2421548
,1.586498,1.3304569,2.4288018
,2.3306925,2.1799393,1.4381378
,2.9217408,3.7927594,1.2658484
3006477,3.4170728,6.1354165,3.2447834
,4.974856,8.085636,6.6762137
,6.5230675,7.786523,6.6594634
,6.070808,14.764243,2.471874
,5.441473,32.852234,5.072965
,10.949947,49.521233,18.470858
,22.69434,50.3755,29.215015
,33.68736,34.694775,9.588383
3006515,29.722311,15.118393,9.231839
,14.099014,2.5053747,1.7109293
,0.57429796,3.8310459,2.0172215
,-7.7434506,15.319398,-0.9763065
,-11.55296,18.1191,-7.243333
,-16.554138,17.796057,-4.405344
,-22.050648,16.69532,-0.8159817
,-23.56536,14.615883,-2.6010911
3006554,-19.870708,12.019577,-6.0564504
,-14.568025,11.208382,-5.912876
,-9.609919,11.66782,-4.8839254
,-5.1423593,13.735292,-3.1490672
,-2.7446656,15.93916,-2.0435436
,-0.6556568,17.985098,-0.8997334
,1.4596739,19.033192,-0.39004403
,4.0990515,18.643147,-0.7130866
3006592,5.6113696,18.813044,-1.1653463
,6.535032,20.815908,-2.7494514
,5.384043,21.124592,-3.9195836
,3.3261423,20.03582,-3.854975
,1.354386,19.68167,-3.8501892
,-0.598227,20.133928,-4.7499228
,-2.3211207,20.397148,-5.1686816
,-3.3644288,20.557474,-4.9533195
3006630,-3.6061125,20.53833,-4.55849
,-3.8095098,20.289467,-4.8049593
,-3.594148,20.076498,-4.8887115
,-3.4242516,20.038212,-4.824103
,-2.885847,19.621847,-4.7212076
,-2.450338,18.937475,-4.582419
,-2.998314,17.942024,-4.2474117
,-3.6348274,16.204773,-3.799938
3006669,-4.7451367,13.883653,-3.4673238
,-5.49651,11.639105,-2.7279153
,-6.1114874,10.057393,-1.6271775
,-6.1832747,8.767615,-0.19861138
,-6.0851655,7.288798,0.4737958
,-5.8195524,5.5946193,-0.08375178
,-4.742744,3.6061125,0.8997334
,-2.9863493,2.1799393,0.13878867
3006708,-1.586498,-0.4737958,-0.5240469
,0.23211208,-1.1844895,-2.5101607
,1.4668527,-2.2541194,-2.7039862
,2.9552414,-2.0626867,-2.1919038
,3.878904,-2.3235137,-2.1919038
,4.924605,-0.89494765,-2.8523464
,5.7358007,0.0598227,-2.4383733
,6.195239,1.5697477,-1.797074
3006746,6.1114874,2.7446656,-1.2658484
,5.592226,4.7331724,-1.4859959
,4.44363,4.5489182,0.23211208
,3.6420062,4.9963923,1.3998512
,2.94567,5.2021823,1.8616825
,2.371372,5.061001,2.112938
,2.1560102,4.0416217,2.4407663
,1.7898953,3.3141778,2.3594074
3006785,1.5482116,2.3115492,2.340264
,1.457281,1.1988469,2.1966896
,1.222776,0.48815325,1.715715
,1.0576653,0.016750356,0.9571632
,0.9188767,-0.17707519,0.40679437
,0.46661708,-0.6101916,0.5264398
,-0.023929082,-1.0122001,0.79205257
,-0.7394086,-0.67001426,0.64369226
3006823,-1.5697477,-0.2680057,0.5886554
,-1.9167194,-0.0598227,0.40679437
,-2.1703677,0.004785816,-0.009571632
,-2.010043,0.6867646,-0.82076746
,-1.5506045,2.2182257,-0.84948236
,-2.5508401,3.62047,0.63412064
,-3.7951522,4.635063,2.4910173
,-4.23784,7.0136137,4.1110163
3006861,-4.276127,9.712814,7.236154
,-4.91264,10.555118,10.30147
,-6.8150024,14.390949,11.579282
,-9.0475855,24.331089,12.380906
,-13.909975,31.414097,17.23133
,-20.837444,36.75746,20.126749
,-25.59933,32.31144,13.584539
,-26.362669,19.396914,3.1299238
3006900,-12.916918,10.835088,-3.4960387
,-2.1799393,9.976034,-2.000471
,4.479524,10.890124,0.5695121
,7.7386646,10.059786,2.9025974
,10.933197,9.349092,6.2622404
,13.852545,9.466345,6.1617384
,15.479722,13.180138,2.6393776
,16.298098,13.804687,3.4960387
3006938,14.192338,14.888674,3.9530842
,10.069357,19.530916,0.4402951
,4.785816,20.385183,-0.9858781
,0.16989647,18.894402,0.03828653
,-3.5486827,17.267225,1.3184924
,-6.197632,17.422764,0.41875893
,-8.229211,17.863058,-0.6652284
,-8.896832,18.159779,-1.0289505
3006976,-8.583362,16.470387,-0.32064968
,-7.985134,14.532131,0.47140288
,-6.355564,14.544095,0.2656128
,-3.7305436,15.448615,-0.4498667
,-2.0555081,15.187788,-0.24168372
,-0.63412064,14.850388,-0.24646953
,0.6484781,14.824065,-0.79205257
,1.7013576,14.472308,-1.1820966
3007015,2.2995846,13.902796,-1.2155973
,2.5651975,13.003062,-1.0241647
,2.5819478,11.849681,-0.885376
,2.371372,10.59819,-0.69155043
,1.9454343,9.679314,-0.6125845
,1.6439278,9.0978365,-0.571905
,1.3926725,8.652756,-0.82076746
,0.8279462,8.255533,-1.0002356
3007053,0.5072965,7.8272023,-1.2610626
,-0.011964541,7.602269,-1.433352
,-0.22732627,7.444337,-1.3974583
,-0.9093051,7.2146177,-1.4668527
,-1.1294526,6.9418263,-1.3878866
,-1.1485959,6.5206747,-1.2682413
,-1.3065279,6.0038066,-1.014593
,-1.2706342,5.3744717,-0.7609448
3007091,-1.2467052,4.819317,-0.46422416
,-1.251491,4.1995535,-0.11246668
,-1.0911661,3.5032175,0.16032484
,-1.2610626,3.0605295,0.571905
,-1.3639576,2.6250203,0.8351249
,-1.4118158,2.0770442,1.0457008
,-1.5529974,1.7276796,1.1485959
,-1.7540016,1.9406484,1.0528796
3007130,-1.849718,1.9621847,1.1629534
,-2.000471,1.8927903,1.2347406
,-2.2230117,2.132081,1.1629534
,-2.2565124,2.471874,1.0289505
,-2.371372,2.658521,1.0241647
,-2.474267,2.500589,1.1581675
,-2.6537352,2.5125535,0.99066395
,-2.5412683,2.833203,0.7059079
3007168,-2.555626,3.4051082,0.40200856
,-2.711165,3.8142955,0.27039862
,-2.8547394,4.29527,0.028714897
,-2.938491,4.7834234,-0.07657306
,-2.9552414,5.2141466,-0.22014755
,-2.9504557,5.5635114,-0.30868515
,-2.916955,6.219168,-0.71787244
,-2.8906329,6.7312503,-1.0815945
3007207,-2.7949166,7.085401,-1.304135
,-2.524518,7.348621,-1.5577831
,-2.165582,7.6692705,-1.720501
,-1.7276796,7.939669,-1.8903974
,-1.1485959,8.164602,-2.263691
,-0.51208234,8.511574,-2.4335876
,0.14118157,8.777187,-2.4479449
,0.7609448,9.004513,-2.3354783
3007246,1.301742,9.418487,-2.5197322
,1.8449322,10.138752,-3.0030997
,2.390515,10.782444,-3.3381069
,2.6369848,11.390243,-3.309392
,2.9025974,11.792251,-3.153853
,3.2088897,12.278011,-3.4505734
,3.1371026,13.038957,-3.926762
,2.811667,12.615412,-3.4075012
3007284,2.5508401,12.77813,-3.204104
,1.74443,13.306962,-3.4984317
,1.1246668,13.455322,-3.7377224
,0.6125845,13.299783,-3.776009
,0.1172525,12.974348,-3.905226
,-0.21057591,12.77095,-3.936334
,-0.36611494,12.6584835,-4.0966587
,-0.5623334,12.656091,-4.268948
3007322,-0.96194905,12.045899,-4.16366
,-1.4213874,11.555353,-4.0799084
,-1.7659662,11.280169,-3.5750046
,-1.902362,11.036092,-3.1490672
,-2.1560102,11.545781,-3.2136755
,-2.1488314,12.316298,-2.6992004
,-2.031579,13.0006695,-1.8473251
,-1.2730271,13.541467,-1.0815945
3007361,-0.39722276,13.720935,0.3804724
,0.15793194,13.570182,2.031579
,0.4402951,14.082264,3.098816
,1.2299547,14.759458,3.5175748
,2.4024796,14.917389,3.723365
,3.2830698,14.943711,3.9985495
,4.4723454,15.355291,3.9195836
,4.4986672,15.867373,4.2067323
3007399,3.3955367,14.792958,6.070808
,1.0193789,13.275854,7.410836
,-1.354386,11.909504,5.7070856
,-3.8980472,10.86141,5.161503
,-4.5728474,10.55751,3.6037195
,-5.080144,10.478544,2.2995846
,-5.6424775,9.212696,3.383572
,-5.340971,7.6070547,3.720972
3007437,-4.8001738,6.3292418,3.5486827
,-4.3790216,5.652049,3.8645465
,-4.020086,4.97007,3.8717253
,-3.5534685,5.003571,3.1945324
,-3.1634245,5.355328,2.5939124
,-2.7279153,5.7812657,1.978935
,-2.4623024,6.121059,1.7276796
,-2.342657,6.432137,1.4261732