Time,x,y,z
0,0.677193,9.68,0.28714898
0.004807692,0.2919348,9.74,0.19621846
0.009615385,0.19861138,9.74,0.27518442
0.014423077,0.37329367,9.87,0.30389932
0.019230769,0.35415038,9.92,0.34697166
0.024038462,0.48097453,10.00,0.3278284
0.028846154,0.4091873,10.12,0.39482984
0.033653846,0.38765112,10.22,0.39482984
0.038461538,0.5240469,10.20,0.45465255
0.043269231,0.48815325,10.26,0.5001178
0.048076923,0.48815325,10.32,0.4977249
0.052884615,0.48576033,10.38,0.57908374
0.057692308,0.45943835,10.44,0.5695121
0.0625,0.4498667,10.46,0.57429796
0.067307692,0.42115182,10.47,0.61497736
0.072115385,0.51208234,10.56,0.80162424
0.076923077,0.48097453,10.53,0.650871
0.081730769,0.54079723,10.56,0.7106937
0.086538462,0.5144752,10.58,0.72505116
0.091346154,0.5431901,10.58,0.71787244
0.096153846,0.5025107,10.62,0.64369226
0.100961538,0.49054617,10.63,0.6006199
0.105769231,0.571905,10.60,0.7896597
0.110576923,0.5551547,10.56,0.77290934
0.115384615,0.47618872,10.53,0.8183746
0.120192308,0.34697166,10.43,0.7441944
0.125,0.40679437,10.36,0.6532639
0.129807692,0.37568656,10.31,0.7202653
0.134615385,0.34936458,10.27,0.7106937
0.139423077,0.21296883,10.24,0.72744405
0.144230769,0.18186101,10.20,0.74658734
0.149038462,0.1459674,10.14,0.80880296
0.153846154,0.19861138,10.03,0.8518753
0.158653846,0.15553902,10.00,0.75855184
0.163461538,-0.026321989,10.01,0.80162424
0.168269231,0.24407662,9.96,0.69633627
0.173076923,0.22493336,9.96,0.60301286
0.177884615,0.31586388,9.96,0.72983694
0.182692308,0.31825677,9.94,0.5288327
0.1875,0.5264398,9.94,0.4977249
0.192307692,0.43550926,9.93,0.5910483
0.197115385,0.63412064,9.94,0.45465255
0.201923077,0.5599405,9.93,0.51926106
0.206730769,0.47140288,10.07,0.67001426
0.211538462,0.6867646,10.15,0.7202653
0.216346154,0.6173703,10.18,0.57669085
0.221153846,0.7394086,10.29,0.48815325
0.225961538,0.54558307,10.40,0.53840435
0.230769231,0.4498667,10.42,0.49293905
0.235576923,0.5144752,10.47,0.5886554
0.240384615,0.51926106,10.49,0.43311638
0.245192308,0.5336185,10.49,0.6748001
0.25,0.13878867,10.43,0.5336185
0.254807692,0.72744405,10.55,0.40679437
0.259615385,0.4091873,10.53,0.46422416
0.264423077,-0.09571633,10.52,0.5025107
0.269230769,0.5168682,10.38,0.4091873
0.274038462,0.8518753,10.29,0.50968945
0.278846154,0.5072965,10.20,0.5814767
0.283653846,0.8710185,10.20,0.5431901
0.288461538,1.2132044,10.18,0.6676214
0.293269231,0.86862564,10.26,0.75376606
0.298076923,0.83751786,10.21,0.78487384
0.302884615,1.1246668,10.26,0.5886554
0.307692308,1.093559,10.25,0.75376606
0.3125,0.86623275,10.29,0.703515
0.317307692,0.35415038,10.43,0.7130866
0.322115385,0.8638398,10.39,0.6101916
0.326923077,0.60301286,10.41,0.55754757
0.331730769,0.60301286,10.39,0.5336185
0.336538462,0.25604117,10.36,0.5623334
0.341346154,0.2919348,10.26,0.5934412
0.346153846,0.1459674,10.31,0.4785816
0.350961538,0.047858164,10.32,0.4402951
0.355769231,0.071787246,10.30,0.35893622
0.360576923,0.03828653,10.22,0.30150643
0.365384615,0.09810923,10.16,0.2632199
0.370192308,0.14118157,9.76,0.22254045
0.375,0.208183,9.72,0.24407662
0.379807692,0.21536173,9.80,0.20100428
0.384615385,0.16750357,9.75,0.13639577
0.389423077,0.2680057,9.53,0.15553902
0.394230769,0.5001178,9.32,0.09571633
0.399038462,0.4091873,9.00,0.16511066
0.403846154,0.57429796,8.69,0.016750356
0.408653846,0.69155043,8.58,0.107680865
0.413461538,0.63651353,8.26,0.052643977
0.418269231,0.6676214,8.05,-0.028714897
0.423076923,0.6006199,7.95,0.004785816
0.427884615,0.6389065,7.71,-0.03828653
0.432692308,0.5551547,7.21,-0.057429794
0.4375,0.6006199,6.42,-0.09093051
0.442307692,0.6389065,6.20,-0.035893623
0.447115385,0.61497736,6.33,0.055036888
0.451923077,0.5264398,6.46,0.023929082
0.456730769,0.5144752,6.13,0.105287954
0.461538462,0.5144752,5.78,0.08375178
0.466346154,0.5025107,5.55,0.16511066
0.471153846,0.5025107,5.27,0.15314612
0.475961538,0.6269419,4.99,0.20339718
0.480769231,0.571905,4.73,0.28236315
0.485576923,0.5886554,4.46,0.24646953
0.490384615,0.6795859,4.33,0.28954187
0.495192308,0.72505116,4.25,0.30629224
0.5,0.73701566,4.20,0.36850783
0.504807692,0.7489802,4.19,0.42115182
0.509615385,0.90691215,4.25,0.37807947
0.514423077,0.7130866,4.29,0.42593765
0.519230769,0.67240715,4.04,0.5168682
0.524038462,0.8566611,4.23,0.25604117
0.528846154,0.87819725,4.60,0.46661708
0.533653846,0.96434194,4.37,0.39004403
0.538461538,0.7776951,4.21,0.48815325
0.543269231,0.5838696,3.97,0.63172776
0.548076923,0.53840435,3.55,0.48576033
0.552884615,0.73701566,3.51,0.3230426
0.557692308,0.75376606,3.74,0.46901
0.5625,0.7441944,3.36,0.5144752
0.567307692,0.4977249,3.13,0.48336744
0.572115385,0.5886554,3.09,0.5838696
0.576923077,0.70112205,3.12,0.36372203
0.581730769,0.49533197,3.08,0.43311638
0.586538462,0.51926106,3.13,0.4402951
0.591346154,0.6293348,3.31,0.45465255
0.596153846,0.3828653,3.42,0.5240469
0.600961538,0.34697166,3.52,0.60779864
0.605769231,0.5527618,3.52,0.3230426
0.610576923,0.4977249,3.27,0.24407662
0.615384615,0.5934412,3.40,0.36611494
0.620192308,0.234505,3.63,0.41875893
0.625,0.2656128,3.69,0.28954187
0.629807692,0.8040171,3.69,0.46661708
0.634615385,0.43550926,3.69,0.22014755
0.639423077,0.84230363,3.91,0.6101916
0.644230769,0.7106937,4.14,0.5001178
0.649038462,0.59583414,3.90,0.4091873
0.653846154,0.5144752,3.76,0.46901
0.658653846,0.55036885,3.61,0.47140288
0.663461538,0.5623334,3.87,0.4402951
0.668269231,0.3828653,3.79,0.43072346
0.673076923,0.234505,3.93,0.416366
0.677884615,0.66044265,3.97,0.5240469
0.682692308,0.9164838,4.03,0.5934412
0.6875,0.6795859,3.79,0.49293905
0.692307692,0.78487384,3.76,0.48576033
0.697115385,1.0002356,4.08,0.63412064
0.701923077,0.7202653,4.36,0.45465255
0.706730769,0.84230363,4.39,0.5599405
0.711538462,0.7394086,4.52,0.55036885
0.716346154,0.84230363,4.68,0.48336744
0.721153846,0.7059079,4.37,0.60540575
0.725961538,0.7776951,4.42,0.5886554
0.730769231,0.8255533,4.47,0.63412064
0.735576923,0.832732,4.69,0.6389065
0.740384615,0.8231604,4.59,0.6843717
0.745192308,0.78248096,4.49,0.6293348
0.75,0.703515,4.92,0.6652284
0.754807692,0.7705164,4.86,0.6652284
0.759615385,0.7489802,4.82,0.80162424
0.764423077,0.7418015,5.23,0.7609448
0.769230769,0.8040171,5.78,0.72505116
0.774038462,0.78008807,5.91,0.7130866
0.778846154,0.75615895,5.98,0.6819788
0.783653846,0.7441944,5.58,0.67001426
0.788461538,0.77530223,5.44,0.598227
0.793269231,0.7202653,5.45,0.63412064
0.798076923,0.75615895,5.92,0.63412064
0.802884615,0.703515,5.61,0.60301286
0.807692308,0.69155043,5.97,0.55036885
0.8125,0.6389065,5.86,0.5695121
0.817307692,0.6125845,6.09,0.6125845
0.822115385,0.5814767,6.36,0.57429796
0.826923077,0.5312256,6.30,0.66044265
0.831730769,0.5072965,6.50,0.57669085
0.836538462,0.48336744,6.62,0.5360114
0.841346154,0.4450809,6.80,0.46901
0.846153846,0.4139731,6.80,0.43550926
0.850961538,0.41875893,6.75,0.416366
0.855769231,0.48576033,6.65,0.50968945
0.860576923,0.66283554,6.51,0.42833054
0.865384615,0.6652284,6.75,0.48097453
0.870192308,0.7609448,6.78,0.45943835
0.875,0.83751786,7.21,0.4785816
0.879807692,0.93802,7.44,0.36611494
0.884615385,1.0768087,7.61,0.22254045
0.889423077,1.2155973,7.54,0.21775463
0.894230769,1.3184924,7.59,0.2656128
0.899038462,1.3615648,7.66,0.208183
0.903846154,1.380708,7.91,0.24886245
0.908653846,1.4189945,8.17,0.16271774
0.913461538,1.3208853,8.37,0.14357449
0.918269231,1.483603,8.29,0.22493336
0.923076923,1.380708,8.10,0.24886245
0.927884615,1.328064,8.01,0.36611494
0.932692308,1.2395264,8.16,0.3230426
0.9375,1.1055236,8.28,0.2943277
0.942307692,1.0648441,8.54,0.2368979
0.947115385,0.8997334,9.09,0.2057901
0.951923077,0.8279462,9.68,0.2392908
0.956730769,0.7346228,9.90,0.23211208
0.961538462,0.70830077,9.68,0.28714898
0.966346154,0.6652284,9.78,0.30629224
0.971153846,0.5934412,10.01,0.27518442
0.975961538,0.59583414,10.26,0.3278284
0.980769231,0.677193,10.74,0.3828653
0.985576923,0.6101916,10.75,0.34218585
0.990384615,0.6221561,11.38,0.33979294
0.995192308,0.64369226,11.38,0.31107804
1,0.66044265,11.90,0.27039862
1.004807692,0.60540575,12.56,0.36611494
1.009615385,0.56711924,12.76,0.46183127
1.014423077,0.5527618,12.70,0.48576033
1.019230769,0.5360114,13.08,0.35893622
1.024038462,0.52165395,13.07,0.27279153
1.028846154,0.54079723,13.23,0.14118157
1.033653846,0.4498667,13.29,0.09810923
1.038461538,0.43550926,13.33,0.0598227
1.043269231,0.39004403,13.47,0.08135887
1.048076923,0.37329367,13.96,0.1483603
1.052884615,0.3852582,14.25,0.067001425
1.057692308,0.3254355,14.71,-0.088537596
1.0625,0.31347096,15.34,-0.10289505
1.067307692,0.31347096,15.69,-0.18664683
1.072115385,0.25604117,15.64,-0.24646953
1.076923077,0.24646953,15.43,-0.21057591
1.081730769,0.28236315,15.41,-0.25604117
1.086538462,0.27279153,15.47,-0.22732627
1.091346154,0.30389932,15.44,-0.20100428
1.096153846,0.3278284,15.50,-0.13878867
1.100961538,0.2967206,15.11,-0.15793194
1.105769231,0.3326142,15.63,-0.16271774
1.110576923,0.37090075,15.48,-0.20339718
1.115384615,0.39961565,15.65,-0.22732627
1.120192308,0.33979294,15.84,-0.20339718
1.125,0.416366,16.06,-0.25604117
1.129807692,0.45225963,15.83,-0.18664683
1.134615385,0.4737958,15.30,-0.26082698
1.139423077,0.66283554,14.81,-0.22254045
1.144230769,0.34936458,15.26,-0.19621846
1.149038462,0.39482984,15.75,-0.21536173
1.153846154,0.4785816,16.41,-0.19861138
1.158653846,0.54558307,16.85,-0.18186101
1.163461538,0.5527618,17.55,-0.21775463
1.168269231,0.5838696,18.34,-0.20339718
1.173076923,0.6389065,19.32,-0.2392908
1.177884615,0.6269419,19.54,-0.25604117
1.182692308,0.67001426,18.16,-0.2584341
1.1875,0.70112205,16.31,-0.2584341
1.192307692,0.67001426,19.48,-0.26082698
1.197115385,0.68915755,22.85,-0.25125536
1.201923077,0.7059079,22.68,-0.13639577
1.206730769,0.71787244,21.66,-0.067001425
1.211538462,0.6125845,22.37,-0.045465253
1.216346154,0.6101916,22.98,-0.002392908
1.221153846,0.70112205,24.35,0.09571633
1.225961538,0.5049036,22.21,0.067001425
1.230769231,0.5312256,20.07,0.08614469
1.235576923,0.66283554,17.37,0.06221561
1.240384615,0.6484781,14.65,0.09093051
1.245192308,0.57669085,12.40,0.03828653
1.25,0.6460852,-2.45,0.019143265
1.254807692,0.7226582,-36.16,0.026321989
1.259615385,0.68915755,-16.42,0.05025107
1.264423077,0.72744405,-4.12,-0.007178724
1.269230769,0.60779864,-5.20,-0.009571632
1.274038462,0.5240469,-3.01,-0.002392908
1.278846154,0.5312256,-1.34,-0.011964541
1.283653846,0.5695121,-9.90,-0.028714897
1.288461538,0.67240715,-12.01,-0.08135887
1.293269231,0.6556568,-14.97,0.031107806
1.298076923,0.5264398,-16.44,0.09810923
1.302884615,0.67240715,-15.49,0.14118157
1.307692308,0.51208234,-11.70,0.20339718
1.3125,0.42833054,-7.64,0.24646953
1.317307692,0.46183127,-0.87,0.20100428
1.322115385,0.5240469,6.14,0.18664683
1.326923077,0.4450809,13.80,0.22971918
1.331730769,0.5647263,19.35,0.2584341
1.336538462,0.6293348,20.14,0.25604117
1.341346154,0.70830077,17.92,0.2632199
1.346153846,0.6389065,12.82,0.27279153
1.350961538,0.44747382,7.96,0.26082698
1.355769231,0.832732,3.78,0.33500713
1.360576923,0.5910483,1.73,0.3565433
1.365384615,0.57669085,0.38,0.26082698
1.370192308,0.57669085,-1.50,0.15553902
1.375,0.70830077,-2.99,0.16750357
1.379807692,0.7418015,-4.47,0.22014755
1.384615385,0.911698,-4.60,0.22732627
1.389423077,0.4402951,-4.10,0.30389932
1.394230769,0.90451926,-3.10,0.28236315
1.399038462,0.5647263,-2.81,0.33500713
1.403846154,1.0217718,-2.61,0.33740005
1.408653846,0.62454903,-2.18,0.39961565
1.413461538,0.7681235,-2.21,0.38765112
1.418269231,0.45704544,-1.53,0.442688
1.423076923,0.5001178,-1.79,0.28714898
1.427884615,0.49054617,-2.14,0.30868515
1.432692308,0.36611494,-2.39,0.26082698
1.4375,0.2632199,-2.43,0.2919348
1.442307692,0.15553902,-2.41,0.21775463
1.447115385,0.5264398,-1.98,0.1483603
1.451923077,0.4091873,-1.35,0.09810923
1.456730769,0.47140288,-0.67,0.071787246
1.461538462,0.24168372,0.18,0.045465253
1.466346154,0.2632199,0.58,0.011964541
1.471153846,0.31586388,1.09,0.033500712
1.475961538,0.3852582,1.79,0.07418015
1.480769231,0.35415038,2.34,0.088537596
1.485576923,0.3565433,2.73,0.13878867
1.490384615,0.37568656,2.74,0.16271774
1.495192308,0.3565433,2.17,0.24168372
1.5,0.31825677,1.23,0.27518442
1.504807692,0.38765112,0.18,0.24407662
1.509615385,0.60540575,-0.64,0.19382556
1.514423077,0.7633377,-0.77,0.17468229
1.519230769,0.42115182,-0.55,0.17228939
1.524038462,0.6293348,-0.21,0.18425392
1.528846154,0.7130866,0.07,0.27997026
1.533653846,0.6173703,0.18,0.19382556
1.538461538,0.44747382,0.15,0.28714898
1.543269231,0.5049036,-0.16,0.33500713
1.548076923,0.45465255,-0.34,0.42354473
1.552884615,0.5049036,-0.23,0.5072965
1.557692308,0.61497736,-0.04,0.48815325
1.5625,0.6221561,0.05,0.47618872
1.567307692,0.6389065,0.24,0.49293905
1.572115385,0.64369226,0.36,0.48576033
1.576923077,0.5312256,0.14,0.4785816
1.581730769,0.34936458,-0.02,0.5025107
1.586538462,0.19861138,-0.13,0.4402951
1.591346154,0.08614469,-0.29,0.4115802
1.596153846,0.1196454,-0.35,0.42833054
1.600961538,0.22732627,-0.30,0.45465255
1.605769231,0.5695121,-0.20,0.6269419
1.610576923,1.0361292,-0.04,0.7968384
1.615384615,0.5288327,0.01,0.64129937
1.620192308,1.0648441,0.04,0.73701566
1.625,0.46901,0.03,0.5838696
1.629807692,0.7968384,0.00,0.703515
1.634615385,0.8614469,-0.25,0.73701566
1.639423077,0.99784267,-0.17,0.703515
1.644230769,0.9021264,-0.10,0.7202653
1.649038462,0.5049036,-0.26,0.7681235
1.653846154,0.8877689,-0.18,0.7346228
1.658653846,1.2490981,0.27,0.72983694
1.663461538,0.7776951,0.69,0.67240715
1.668269231,0.79205257,1.12,0.5934412
1.673076923,0.8566611,1.08,0.66283554
1.677884615,0.95237744,0.84,0.69155043
1.682692308,0.9021264,0.17,0.68915755
1.6875,0.859054,-0.45,0.7657306
1.692307692,0.8997334,-0.55,0.71787244
1.697115385,0.9164838,-0.21,0.69633627
1.701923077,0.8877689,0.34,0.70112205
1.706730769,0.8829831,0.54,0.7992313
1.711538462,0.93323416,0.63,0.8734115
1.716346154,0.95237744,0.51,0.99784267
1.721153846,0.98827106,0.13,1.1150951
1.725961538,1.8210031,-0.27,1.3352427
1.730769231,1.1270597,-0.63,1.4118158
1.735576923,1.1150951,-0.87,1.354386
1.740384615,0.9404129,-0.87,1.483603
1.745192308,0.8542682,-0.69,1.6176059
1.75,0.7633377,-0.64,1.6893932
1.754807692,1.483603,-0.59,1.7276796
1.759615385,1.5984626,-0.63,1.8568966
1.764423077,1.222776,-0.80,1.8616825
1.769230769,0.8231604,-0.79,2.0028641
1.774038462,0.57669085,-0.72,2.0722585
1.778846154,1.8018597,-0.49,2.1751535
1.783653846,0.90691215,-0.31,2.2182257
1.788461538,0.7872668,-0.22,2.1823323
1.793269231,1.0217718,-0.07,2.2110472
1.798076923,0,-0.41,2.4766598
1.802884615,1.0289505,-1.14,2.3594074
1.807692308,0.4402951,-1.87,2.574769
1.8125,0.17707519,-2.28,2.5125535
1.817307692,0.78487384,-2.02,2.6609137
1.822115385,0.36611494,-1.45,2.6728783
1.826923077,0.50968945,-0.16,2.5604117
1.831730769,-0.25364825,1.03,2.6154485
1.836538462,0.28236315,2.40,2.2995846
1.841346154,0.44747382,4.26,2.3618002
1.846153846,1.0337363,5.72,2.2254045
1.850961538,0.7657306,9.26,2.2493336
1.855769231,0.8566611,14.87,2.2277975
1.860576923,0.46661708,35.19,2.5364826
1.865384615,0.90691215,76.44,2.627413
1.870192308,0.22254045,77.18,2.5053747
1.875,0.6580497,63.28,2.68245
1.879807692,0.57429796,13.51,2.502982
1.884615385,0.42593765,-7.21,2.4144442
1.889423077,0.4737958,12.84,2.1775463
1.894230769,0.6460852,25.12,2.318728
1.899038462,-0.27757734,28.57,2.4072654
1.903846154,0.019143265,25.41,1.5266753
1.908653846,0.033500712,21.71,1.0720228
1.913461538,0.12443122,22.64,0.86862564
1.918269231,0.09810923,22.39,1.2132044
1.923076923,0.28714898,22.81,1.3113136
1.927884615,0.19621846,24.00,1.2682413
1.932692308,0.25604117,23.64,1.2395264
1.9375,0.16750357,21.53,1.1605604
1.942307692,0.16032484,19.84,0.9404129
1.947115385,0.234505,19.66,0.6676214
1.951923077,0.27757734,20.46,0.75376606
1.956730769,0.24646953,19.73,0.93084127
1.961538462,0.22971918,19.69,1.2658484
1.966346154,0.23211208,19.00,1.2155973
1.971153846,-0.1172525,17.79,0.703515
1.975961538,0,16.00,0.66044265
1.980769231,-0.002392908,14.59,1.0768087
1.985576923,0.1459674,14.28,1.4668527
1.990384615,0.15793194,14.26,1.6870002
1.995192308,0.107680865,13.96,1.7587874
2,0.13400285,13.07,1.691786
2.004807692,0.28954187,12.45,1.7276796
2.009615385,-0.035893623,12.46,1.5673548
2.014423077,0.07657306,13.19,1.4142087
2.019230769,-0.36850783,14.16,1.2754201
2.024038462,-0.63651353,14.55,1.588891
2.028846154,-0.8183746,14.23,1.8568966
2.033653846,-0.80880296,14.17,2.0411506
2.038461538,-0.8351249,14.73,2.2421548
2.043269231,-0.6269419,14.15,2.4862316
2.048076923,-0.48815325,13.13,2.443159
2.052884615,-0.55754757,12.58,2.5675905
2.057692308,-0.16511066,12.53,2.7662017
2.0625,-0.19382556,12.49,2.7662017
2.067307692,-0.42354473,12.37,2.969599
2.072115385,-0.6748001,12.19,3.2830698
2.076923077,-0.63651353,11.95,3.175389
2.081730769,-0.28236315,11.86,3.646792
2.086538462,-0.19621846,11.93,3.9602628
2.091346154,0.15793194,12.23,4.0559793
2.096153846,0.46183127,12.59,4.245019
2.100961538,0.43072346,12.59,4.4914885
2.105769231,0.72744405,12.50,4.6757426
2.110576923,-0.021536173,12.36,4.7475295
2.115384615,0.41875893,12.02,4.6446347
2.120192308,0.97152066,11.95,4.6661706
2.125,1.0600582,12.15,4.431666
2.129807692,1.0839874,11.91,4.3885937
2.134615385,0.8710185,11.53,4.381415
2.139423077,0.9140909,11.22,4.8097453
2.144230769,1.0983448,10.97,4.7834234
2.149038462,1.0241647,10.72,5.0945015
2.153846154,1.0480938,10.58,5.135181
2.158653846,1.1940612,10.35,5.2739697
2.163461538,0.46661708,10.07,5.807588
2.168269231,-0.18903974,9.91,6.1234517
2.173076923,-0.83751786,9.82,6.369921
2.177884615,-0.3254355,9.70,7.2768335
2.182692308,-1.0528796,9.53,7.398872
2.1875,-1.2371335,9.33,7.5209103
2.192307692,-1.1509888,9.15,7.6644845
2.197115385,-0.93084127,8.88,7.8750606
2.201923077,-1.0337363,8.48,8.0114565
2.206730769,-1.3256711,8.39,8.107173
2.211538462,-0.6556568,8.37,8.411072
2.216346154,-0.39004403,8.20,8.485252
2.221153846,-0.13878867,8.10,8.913583
2.225961538,0.5168682,8.02,9.574025
2.230769231,0.7441944,8.02,9.633848
2.235576923,0.9021264,7.93,9.947319
2.240384615,1.067237,7.70,10.2344675
2.245192308,1.0504867,7.50,11.004984
2.25,1.0385221,7.43,11.12463
2.254807692,0.8710185,7.39,11.634319
2.259615385,0.6460852,7.36,11.629534
2.264423077,0.7633377,7.26,11.847288
2.269230769,0.58626246,7.12,12.019577
2.274038462,0.75615895,6.90,12.026756
2.278846154,0.9547703,6.87,11.864038
2.283653846,1.1797037,6.95,11.969326
2.288461538,1.4764243,7.18,12.218188
2.293269231,1.8449322,7.07,12.318691
2.298076923,2.1895108,7.23,12.0147915
2.302884615,2.5580187,7.28,12.203832
2.307692308,2.395301,7.15,12.311512
2.3125,2.1368668,6.83,12.5579815
2.317307692,1.9861137,6.73,12.840344
2.322115385,1.8353605,6.75,12.883417
2.326923077,1.6965718,6.76,12.904953
2.331730769,1.5577831,6.95,12.964776
2.336538462,1.1533817,6.90,13.113136
2.341346154,0.6652284,6.92,13.462501
2.346153846,0.5336185,6.91,13.756828
2.350961538,0.3852582,6.97,14.024835
2.355769231,1.5841051,7.03,14.570417
2.360576923,1.7731448,7.05,15.226074
2.365384615,0.9475916,7.05,14.864745
2.370192308,1.2849916,7.10,15.010713
2.375,2.811667,7.21,15.558688
2.379807692,2.680057,7.32,15.345719
2.384615385,3.8190813,7.47,15.668762
2.389423077,1.3376356,7.51,15.740549
2.394230769,1.4405307,7.58,15.872159
2.399038462,2.1584032,7.48,16.247847
2.403846154,-0.07418015,7.54,15.874553
2.408653846,-0.047858164,7.45,16.195202
2.413461538,-0.9499845,7.43,16.369884
2.418269231,-0.6389065,7.46,16.204773
2.423076923,-0.46422416,7.49,16.412956
2.427884615,-1.0720228,7.41,16.176058
2.432692308,-2.2014754,7.48,15.759693
2.4375,-1.7994668,7.46,15.833873
2.442307692,0.43072346,7.34,15.719013
2.447115385,-0.8183746,7.32,15.317005
2.451923077,0.84230363,7.23,15.001141
2.456730769,-0.87819725,7.23,14.83603
2.461538462,0.2991135,7.28,14.582382
2.466346154,-0.11246668,7.33,14.864745
2.471153846,0.51208234,7.42,14.515381
2.475961538,0.18425392,7.41,14.254554
2.480769231,0.46901,7.43,14.103801
2.485576923,1.119881,7.43,13.960226
2.490384615,1.4237803,7.54,13.761615
2.495192308,1.3567789,7.77,13.69222
2.5,1.9238981,7.88,13.33807
2.504807692,2.5651975,8.01,13.096386
2.509615385,3.3763933,8.11,12.928883
2.514423077,3.5869691,8.15,12.837952
2.519230769,4.216304,8.19,12.852309
2.524038462,3.8142955,8.17,13.5031805
2.528846154,1.8210031,8.12,12.775736
2.533653846,-0.055036888,8.05,12.0794
2.538461538,-2.9648132,8.03,12.871452
2.543269231,-7.157188,7.94,13.4026785
2.548076923,-9.920997,7.82,13.663506
2.552884615,-6.781502,7.70,9.246197
2.557692308,-1.6343563,7.59,5.778873
2.5625,1.7587874,7.60,-0.43790218
2.567307692,1.4094229,7.58,3.4984317
2.572115385,-0.60540575,7.54,10.267968
2.576923077,-7.6764493,7.65,15.388792
2.581730769,-6.999256,7.77,16.908289
2.586538462,-4.268948,7.94,15.8769455
2.591346154,-1.6893932,8.03,14.005692
2.596153846,1.1797037,8.04,11.739607
2.600961538,3.1131735,8.03,10.220111
2.605769231,4.027264,7.99,8.308177
2.610576923,3.433823,7.85,4.338342
2.615384615,2.1919038,7.77,0.6532639
2.620192308,1.9765421,7.74,-4.0751224
2.625,3.878904,7.76,-10.423508
2.629807692,4.893497,7.73,-20.042997
2.634615385,2.316335,7.66,-25.283466
2.639423077,-1.8210031,7.76,-21.610353
2.644230769,-5.443866,7.78,-13.809473
2.649038462,-6.7527866,7.84,-6.8915753
2.653846154,-7.2505116,7.95,1.2012398
2.658653846,-24.474665,7.99,46.520527
2.663461538,-2.9002047,8.02,78.40124
2.668269231,6.767144,8.04,2.3450499
2.673076923,6.269419,8.11,-58.059128
2.677884615,3.4027152,7.99,40.882835
2.682692308,-1.4118158,7.92,23.32846
2.6875,4.323985,7.91,-34.261658
2.692307692,2.6393776,7.88,14.041585
2.697115385,10.0837145,7.88,-9.109801
2.701923077,8.904011,7.81,-13.596504
2.706730769,0.234505,7.82,-4.929391
2.711538462,-2.9241338,7.84,-2.0339718
2.716346154,-3.723365,7.87,-4.4388447
2.721153846,-3.4075012,7.88,-7.4850163
2.725961538,-3.8597608,8.11,-4.8312817
2.730769231,-2.8499537,8.38,-4.761887
2.735576923,-1.2897775,8.78,-5.62812
2.740384615,-0.5336185,9.01,-3.5199678
2.745192308,0.16989647,9.20,-2.2541194
2.75,0.7872668,9.38,-0.08375178
2.754807692,1.9215052,9.41,-0.3613291
2.759615385,2.502982,9.40,0.43790218
2.764423077,3.050958,9.34,0.90691215
2.769230769,1.8688612,9.30,1.6487137
2.774038462,1.1677392,9.23,1.5314612
2.778846154,1.0600582,9.25,1.8473251
2.783653846,1.0576653,9.22,1.5266753
2.788461538,1.0457008,9.30,1.3950654
2.793269231,0.9763065,9.34,1.6558924
2.798076923,0.7872668,9.44,1.4524952
2.802884615,0.3254355,9.64,1.3352427
2.807692308,1.1533817,9.62,0.3230426
2.8125,1.0050215,9.61,0.009571632
2.817307692,0.97152066,9.54,0.5001178
2.822115385,1.301742,9.50,-0.7681235
2.826923077,0.08614469,9.56,-1.5147108
2.831730769,-1.1725249,9.67,-1.4907818
2.836538462,-1.5290682,9.65,-1.4859959
2.841346154,-1.9430413,9.60,-1.4764243
2.846153846,-2.1679747,9.63,-1.9191123
2.850961538,-2.0674727,9.64,-2.3259068
2.855769231,-2.3306925,9.61,-1.9573988
2.860576923,-2.7207365,9.53,-1.7348584
2.865384615,-2.5651975,9.52,-1.6798215
2.870192308,-2.340264,9.56,-1.2299547
2.875,-1.8808258,9.67,-0.7513731
2.879807692,-1.2658484,9.84,-0.2656128
2.884615385,-0.5168682,10.03,0.18425392
2.889423077,-0.03828653,9.99,0.07896597
2.894230769,0.28475606,10.03,0.011964541
2.899038462,0.5336185,9.93,0.057429794
2.903846154,0.832732,9.86,0.09332342
2.908653846,0.9404129,9.82,0.08135887
2.913461538,1.0911661,9.75,0.13639577
2.918269231,1.2084186,9.68,0.46422416
2.923076923,1.1342385,9.74,0.8997334
2.927884615,0.8997334,9.73,0.45704544
2.932692308,0.7872668,9.80,0.46901
2.9375,-0.035893623,9.80,0.93084127
2.942307692,0.09571633,9.72,0.5312256
2.947115385,0.17707519,9.67,-0.46661708
2.951923077,-0.043072347,9.73,-0.27279153
2.956730769,0.18186101,9.72,0.19861138
2.961538462,-0.1196454,9.75,0.07896597
2.966346154,-0.6197632,9.90,0.28954187
2.971153846,-0.6269419,10.08,0.35893622
2.975961538,-0.61497736,10.17,-0.08375178
2.980769231,-0.5336185,10.23,-0.06221561
2.985576923,-0.63172776,10.37,-0.045465253
2.990384615,-0.4450809,10.59,-0.42833054
2.995192308,-0.33022133,10.79,-0.24168372
3,-0.30629224,10.95,0.27039862
3.004807692,-0.1196454,10.98,0.52165395
3.009615385,0.1459674,10.88,0.50968945
3.014423077,0.51926106,10.80,0.40440148
3.019230769,0.8446966,10.80,0.5240469
3.024038462,0.96194905,10.76,1.0911661
3.028846154,0.9140909,10.67,1.4142087
3.033653846,1.0696299,10.65,0.07896597
3.038461538,0.3278284,10.57,0.28475606
3.043269231,0.026321989,10.51,0.68915755
3.048076923,0.023929082,10.49,0.37090075
3.052884615,-0.2919348,10.41,0.22971918
3.057692308,-0.42354473,10.39,-0.25604117
3.0625,-0.21775463,10.36,-0.21536173
3.067307692,-0.28954187,10.38,0.011964541
3.072115385,-0.34457877,10.40,0.41875893
3.076923077,-0.09810923,10.44,0.4115802
3.081730769,0.1483603,10.40,0.84708947
3.086538462,0.39004403,10.48,1.6606783
3.091346154,0.64129937,10.39,2.263691
3.096153846,0.89494765,10.32,2.6752713
3.100961538,0.92366254,10.23,2.5125535
3.105769231,1.0768087,10.11,2.2565124
3.110576923,1.380708,10.04,2.1942968
3.115384615,1.3160994,10.00,2.450338
3.120192308,1.1820966,10.00,2.8451676
3.125,0.99066395,10.01,3.1849606
3.129807692,0.60540575,9.94,3.5989337
3.134615385,0.48815325,9.87,3.9770133
3.139423077,0.3565433,9.76,4.6518135
3.144230769,0.1483603,9.68,4.9581056
3.149038462,-0.069394335,9.60,4.7020645
3.153846154,-0.12443122,9.45,4.790602
3.158653846,-0.110073775,9.40,5.29072
3.163461538,0.105287954,9.45,4.998785
3.168269231,0.22014755,9.54,3.5630403
3.173076923,0.25125536,9.56,2.5388756
3.177884615,0.45225963,9.71,0.4977249
3.182692308,0.27518442,9.75,-0.052643977
3.1875,-0.28954187,9.83,-0.7681235
3.192307692,-1.1366314,9.90,-1.746823
3.197115385,-1.5003533,9.95,-3.697043
3.201923077,-0.9451987,10.00,-5.7310147
3.206730769,-2.0866158,10.07,-0.75855184
3.211538462,-3.8932614,10.05,5.709479
3.216346154,-0.9475916,10.10,2.9217408
3.221153846,0.48815325,10.08,2.2565124
3.225961538,-0.8901618,10.04,7.1165085
3.230769231,-1.9573988,10.00,11.23231
3.235576923,-1.9621847,9.89,13.790329
3.240384615,-2.7757733,9.84,16.7025
3.245192308,-5.7453723,9.79,17.154758
3.25,-4.245019,9.85,11.402207
3.254807692,-5.1399665,9.94,25.297825
3.259615385,-5.2524333,10.07,25.36004
3.264423077,-4.481917,10.19,26.752712
3.269230769,-0.49054617,10.21,22.69434
3.274038462,4.051193,10.22,17.116472
3.278846154,7.650127,10.22,11.115058
3.283653846,5.912876,10.15,11.753964
3.288461538,5.104073,10.08,8.892047
3.293269231,5.5252247,10.01,9.571632
3.298076923,5.1136446,9.93,10.07175
3.302884615,4.814531,9.93,9.961677
3.307692308,3.6874714,9.87,9.95689
3.3125,2.1464386,9.85,10.373257
3.317307692,1.0002356,9.82,11.007378
3.322115385,-0.24646953,9.84,11.926254
3.326923077,-1.2179902,9.86,13.673077
3.331730769,-1.9813279,9.87,14.398128
3.336538462,-2.290013,9.91,15.116
3.341346154,-1.8903974,9.92,15.573046
3.346153846,-1.6750357,9.83,17.329441
3.350961538,-1.3567789,9.91,18.269854
3.355769231,-0.9691278,9.86,18.631182
3.360576923,-0.55754757,9.78,19.518951
3.365384615,0.17946811,9.703242,
3.370192308,0.98827106,16.027699,
3.375,1.8210031,16.570889,
3.379807692,2.5819478,16.86043,
3.384615385,3.3452854,16.11863,
3.389423077,3.986585,15.616118,
3.394230769,4.2593765,15.585011,
3.399038462,3.6132913,15.56826,
3.403846154,2.8978117,15.769264,
3.408653846,1.5290682,14.958069,
3.413461538,0.27039862,14.512987,
3.418269231,-0.650871,14.319162,
3.423076923,-1.5745336,13.625218,
3.427884615,-2.2565124,12.842738,
3.432692308,-3.0054924,12.816416,
3.4375,-3.048565,13.909975,
3.442307692,-2.782952,13.866902,
3.447115385,-2.237369,13.003062,
3.451923077,-1.3160994,12.345013,
3.456730769,-0.40679437,12.3833,
3.461538462,0.37090075,12.5579815,
3.466346154,1.0576653,12.589089,
3.471153846,1.6439278,12.244511,
3.475961538,1.8951832,11.866431,
3.480769231,2.0411506,11.718071,
3.485576923,2.1488314,11.378278,
3.490384615,2.163189,11.105487,
3.495192308,2.057901,10.954733,
3.5,1.718108,10.693906,
3.504807692,1.0863802,10.516831,
3.509615385,0.5072965,10.423508,
3.514423077,0.045465253,10.174645,
3.519230769,-0.5264398,9.858782,
3.524038462,-0.8518753,9.521381,
3.528846154,-1.0074143,9.291662,
3.533653846,-1.1533817,9.076301,
3.538461538,-1.1222739,8.932726,
3.543269231,-0.8518753,8.872903,
3.548076923,-0.62454903,8.688649,
3.552884615,-0.35415038,8.585754,
3.557692308,0.035893623,8.549861,
3.5625,0.30389932,8.370393,
3.567307692,0.6389065,8.243568,
3.572115385,0.93562704,8.040172,
3.576923077,1.0289505,7.961205,
3.581730769,1.0600582,7.8200235,
3.586538462,0.93323416,7.542446,
3.591346154,0.72505116,7.365371,
3.596153846,0.5623334,7.106937,
3.600961538,0.27039862,7.0399356,
3.605769231,-0.011964541,6.956184,
3.610576923,-0.20339718,6.78868,
3.615384615,-0.39961565,6.7312503,
3.620192308,-0.44747382,6.8102164,
3.625,-0.44747382,6.7145,
3.629807692,-0.50968945,6.7240715,
3.634615385,-0.57429796,6.6714277,
3.639423077,-0.5527618,6.6307483,
3.644230769,-0.49054617,6.4680305,
3.649038462,-0.39722276,6.3723145,
3.653846154,-0.32064968,6.2550616,
3.658653846,-0.2368979,6.2287397,
3.663461538,-0.18186101,6.257455,
3.668269231,-0.069394335,6.121059,
3.673076923,0.002392908,5.9870563,
3.677884615,-0.002392908,5.960734,
3.682692308,0.09332342,6.0061994,
3.6875,0.110073775,6.0061994,
3.692307692,0.071787246,5.96552,
3.697115385,-0.03828653,5.936805,
3.701923077,-0.09810923,5.9750915,
3.706730769,-0.30389932,5.7884445,
3.711538462,-0.37568656,5.601798,
3.716346154,-0.42833054,5.4510446,
3.721153846,-0.442688,5.314649,
3.725961538,-0.54079723,5.235683,
3.730769231,-0.6389065,5.1447525,
3.735576923,-0.7633377,5.1662884,
3.740384615,-0.89734054,5.1423593,
3.745192308,-1.014593,5.0274997,
3.75,-1.0911661,5.1088586,
3.754807692,-1.1246668,5.068179,
3.759615385,-1.1605604,4.9030685,
3.764423077,-1.170132,4.6470275,
3.769230769,-1.2945633,4.5154176,
3.774038462,-1.2921704,4.2617693,
3.778846154,-1.2084186,4.0488005,
3.783653846,-1.328064,3.9506912,
3.788461538,-1.2155973,3.7855806,
3.793269231,-1.2419193,3.567826,
3.798076923,-1.3926725,3.5080032,
3.802884615,-1.742037,3.3859649,
3.807692308,-2.0363648,3.2711053,
3.8125,-2.0985804,3.2447834,
3.817307692,-1.9837208,3.1371026,
3.822115385,-1.8425392,3.0629225,
3.826923077,-1.9119335,3.1442811,
3.831730769,-1.952613,3.2447834,
3.836538462,-1.9885067,3.3931437,
3.841346154,-1.8975761,3.4242516,
3.846153846,-1.6702498,3.5702188,
3.850961538,-1.5027462,3.955477,
3.855769231,-1.328064,4.3359494,
3.860576923,-1.1581675,4.5537043,
3.865384615,-0.82076746,4.788209,
3.870192308,-0.62454903,4.9772487,
3.875,-0.36611494,5.0945015,
3.879807692,-0.25125536,5.1375737,
3.884615385,-0.2584341,5.211754,
3.889423077,-0.21536173,5.312256,
3.894230769,-0.055036888,5.5898333,
3.899038462,0.20100428,5.7860518,
3.903846154,0.44747382,6.0540576,
3.908653846,0.52165395,6.3627424,
3.913461538,0.43311638,6.7240715,
3.918269231,0.37568656,7.1021514,
3.923076923,0.34936458,7.4850163,
3.927884615,0.16511066,7.8272023,
3.932692308,-0.13160995,8.116744,
3.9375,-0.22971918,8.394321,
3.942307692,-0.2967206,8.770008,
3.947115385,-0.42115182,9.066729,
3.951923077,-0.60301286,9.334735,
3.956730769,-0.63412064,9.729565,
3.961538462,-0.63412064,10.052607,
3.966346154,-0.6173703,10.208146,
3.971153846,-0.7130866,10.457008,
3.975961538,-0.54797596,10.78723,
3.980769231,-0.598227,11.050449,
3.985576923,-0.28236315,11.349563,
3.990384615,-0.004785816,11.548175,
3.995192308,0.35893622,11.742,
4,0.3852582,11.770715,
4.004807692,0.7944455,11.746786,
4.009615385,0.8279462,11.600819,
4.014423077,0.77290934,11.612783,
4.019230769,0.58626246,11.579282,
4.024038462,0.7202653,11.4716015,
4.028846154,0.7106937,11.299312,
4.033653846,1.0313433,11.23231,
4.038461538,1.1414171,11.138988,
4.043269231,1.119881,11.057629,
4.048076923,1.1318455,11.10788,
4.052884615,1.117488,11.081557,
4.057692308,1.1150951,11.098308,
4.0625,1.1773108,11.062414,
4.067307692,1.170132,10.904482,
4.072115385,1.2467052,10.796802,
4.076923077,1.2299547,10.595797,
4.081730769,1.0863802,10.3852215,
4.086538462,0.95955616,10.330184,
4.091346154,0.8159817,10.26079,
4.096153846,0.83991075,10.110037,
4.100961538,0.7418015,9.976034,
4.105769231,0.677193,9.767851,
4.110576923,0.62454903,9.581204,
4.115384615,0.50968945,9.399343,
4.120192308,0.4977249,9.260554,
4.125,0.34218585,9.167231,
4.129807692,0.30868515,8.971012,
4.134615385,0.3254355,8.770008,
4.139423077,0.43072346,8.688649,
4.144230769,0.43072346,8.583362,
4.149038462,0.43072346,8.423037,
4.153846154,0.5001178,8.391929,
4.158653846,0.5144752,8.461323,
4.163461538,0.6006199,8.490038,
4.168269231,0.5695121,8.6048975,
4.173076923,0.54079723,8.588147,
4.177884615,0.6652284,8.600112,
4.182692308,0.66283554,8.600112,
4.1875,0.6484781,8.571397,
4.192307692,0.57669085,8.569004,
4.197115385,0.42833054,8.502003,
4.201923077,0.5336185,8.545074,
4.206730769,0.31107804,8.379964,
4.211538462,0.3254355,8.346463,
4.216346154,0.30868515,8.300998,
4.221153846,0.2057901,8.399107,
4.225961538,0.15793194,8.537896,
4.230769231,0.088537596,8.47568,
4.235576923,0.2057901,8.473288,
4.240384615,0.105287954,8.485252,
4.245192308,0.10050214,8.413465,
4.25,0.12921704,8.411072,
4.254807692,0.30389932,8.492431,
4.259615385,0.3254355,8.578575,
4.264423077,0.3852582,8.703007,
4.269230769,0.40679437,8.781973,
4.274038462,0.442688,8.844189,
4.278846154,0.4402951,8.925548,
4.283653846,0.37807947,8.882475,
4.288461538,0.6173703,8.920761,
4.293269231,0.5814767,9.076301,
4.298076923,0.46183127,9.212696,
4.302884615,0.5025107,9.246197,
4.307692308,0.36850783,9.365842,
4.3125,0.3613291,9.473523,
4.317307692,0.3230426,9.621883,
4.322115385,0.34457877,9.624276,
4.326923077,0.42115182,9.727171,
4.331730769,0.27997026,9.789387,
4.336538462,0.12921704,9.779816,
4.341346154,0.07896597,9.621883,
4.346153846,0.09571633,9.538132,
4.350961538,0.088537596,9.605133,
4.355769231,0.105287954,9.796566,
4.360576923,0.08614469,9.794173,
4.365384615,0.1459674,9.827674,
4.370192308,0.107680865,9.971248,
4.375,0.17468229,10.052607,
4.379807692,0.22971918,10.059786,
4.384615385,0.4139731,10.160288,
4.389423077,0.33022133,10.323006,
4.394230769,0.16750357,10.117215,
4.399038462,0.34457877,9.887496,
4.403846154,0.35415038,10.01432,
4.408653846,-0.25364825,9.906639,
4.413461538,0.0598227,9.736743,
4.418269231,-0.5934412,9.6410265,
4.423076923,-0.7346228,9.428058,
4.427884615,0.25364825,9.43763,
4.432692308,-0.12443122,9.842031,
4.4375,-0.93802,10.066964,
4.442307692,-0.6556568,9.4137,
4.447115385,-0.24407662,8.918368,
4.451923077,-0.8829831,9.363449,
4.456730769,-0.2967206,9.633848,
4.461538462,-0.77290934,9.712814,
4.466346154,-0.5264398,9.763065,
4.471153846,-0.5599405,9.858782,
4.475961538,-0.55754757,9.806137,
4.480769231,-0.70830077,9.842031,
4.485576923,-0.42833054,9.73435,
4.490384615,-0.5288327,9.786994,
4.495192308,-0.5527618,9.576418,
4.5,-0.6173703,9.243804,
4.504807692,-0.7513731,9.073908,
4.509615385,-0.80641,8.91119,
4.514423077,-0.6197632,9.02605,
4.519230769,-0.7346228,9.083479,
4.524038462,-0.46901,9.15048,
4.528846154,-0.21057591,9.487881,
4.533653846,0.07418015,9.911426,
4.538461538,0.30389932,10.078929,
4.543269231,0.43790218,10.220111,
4.548076923,0.36611494,10.205753,
4.552884615,0.36372203,10.002356,
4.557692308,0.23211208,9.911426,
4.5625,0.22971918,9.844424,
4.567307692,0.3517575,9.758279,
4.572115385,0.3828653,9.743921,
4.576923077,0.5431901,9.7917795,
4.581730769,0.7705164,9.94014,
4.586538462,0.98827106,10.081322,
4.591346154,1.0600582,10.028678,
4.596153846,0.97152066,9.968855,
4.600961538,0.8901618,9.947319,
4.605769231,0.859054,10.050214,
4.610576923,0.6484781,10.215324,
4.615384615,0.7609448,10.287112,
4.620192308,0.6652284,10.4259,
4.625,0.6269419,10.5359745,
4.629807692,0.60779864,10.545546,
4.634615385,0.6221561,10.454616,
4.639423077,0.41875893,10.404365,
4.644230769,0.46661708,10.33497,
4.649038462,0.5168682,10.217717,
4.653846154,0.40440148,10.179431,
4.658653846,0.2680057,10.076536,
4.663461538,0.19143265,10.011928,
4.668269231,0.007178724,10.004748,
4.673076923,-0.007178724,10.01432,
4.677884615,0.069394335,9.920997,
4.682692308,-0.043072347,9.794173,
4.6875,-0.11246668,9.708028,
4.692307692,-0.0598227,9.674527,
4.697115385,-0.071787246,9.710421,
4.701923077,-0.21296883,9.626669,
4.706730769,0.011964541,9.60274,
4.711538462,-0.21775463,9.662563,
4.716346154,0.069394335,9.688885,
4.721153846,-0.05025107,9.7917795,
4.725961538,0.09332342,9.82528,
4.730769231,0.14357449,9.868353,
4.735576923,0.17228939,9.901854,
4.740384615,0.27518442,9.901854,
4.745192308,0.31586388,9.853995,
4.75,0.39722276,9.801352,
4.754807692,0.48336744,9.837245,
4.759615385,0.5695121,9.806137,
4.764423077,0.4977249,9.830067,
4.769230769,0.54079723,9.98082,
4.774038462,0.44747382,10.047821,
4.778846154,0.31586388,9.925783,
4.783653846,0.37568656,9.765458,
4.788461538,0.34457877,9.86596,
4.793269231,0.44747382,9.949712,
4.798076923,0.51926106,9.973641,
4.802884615,0.39004403,10.066964,
4.807692308,0.416366,10.081322,
4.8125,0.2919348,9.920997,
4.817307692,0.39482984,9.858782,
4.822115385,0.39004403,9.861175,
4.826923077,0.2584341,9.746315,
4.831730769,0.2656128,9.73435,
4.836538462,0.16989647,9.705635,
4.841346154,0.30629224,9.772636,
4.846153846,0.22014755,9.763065,
4.850961538,0.21775463,9.810924,
4.855769231,0.18186101,9.952105,
4.860576923,0.26082698,9.99757,
4.865384615,0.15553902,10.052607,
4.870192308,0.16750357,9.995177,
4.875,-0.033500712,9.9425335,
4.879807692,0.026321989,9.947319,
4.884615385,-0.043072347,9.95689,
4.889423077,-0.043072347,10.038249,
4.894230769,0.057429794,9.918604,
4.899038462,0.14118157,9.815709,
4.903846154,0.22254045,9.731957,
4.908653846,0.21536173,9.755886,
4.913461538,0.18425392,9.7415285,
4.918269231,0.21057591,9.763065,
4.923076923,0.30868515,9.86596,
4.927884615,0.36372203,9.949712,
4.932692308,0.39482984,9.9425335,
4.9375,0.3828653,9.971248,
4.942307692,0.33979294,9.947319,
4.947115385,0.27518442,9.944926,
4.951923077,0.25364825,9.9927845,
4.956730769,0.22014755,10.007142,
4.961538462,0.17468229,9.995177,
4.966346154,0.24168372,9.99757,
4.971153846,0.17946811,9.920997,
4.975961538,0.19143265,9.897068,
4.980769231,0.2584341,9.885103,
4.985576923,0.27039862,9.875532,
4.990384615,0.32064968,9.906639,
4.995192308,0.2943277,9.952105,
5,0.33022133,9.968855,
5.004807692,0.31347096,9.94014,
5.009615385,0.3326142,9.930569,
5.014423077,0.25125536,9.935354,
5.019230769,0.34218585,9.846817,
5.024038462,0.36372203,9.861175,
5.028846154,0.30629224,9.920997,
5.033653846,0.31586388,9.98082,
5.038461538,0.3852582,10.031071,
5.043269231,0.34218585,10.009535,
5.048076923,0.28954187,9.959284,
5.052884615,0.2919348,9.985605,
5.057692308,0.31107804,9.944926,
5.0625,0.31347096,9.916211,
5.067307692,0.23211208,9.913818,
5.072115385,0.19861138,9.868353,
5.076923077,0.19861138,9.935354,
5.081730769,0.25604117,9.897068,
5.086538462,0.2991135,9.978427,
5.091346154,0.21775463,10.011928,
5.096153846,0.17946811,9.944926,
5.100961538,0.16989647,9.897068,
5.105769231,0.21536173,9.822887,
5.110576923,0.21296883,9.832459,
5.115384615,0.16511066,9.82528,
5.120192308,0.12443122,9.837245,
5.125,0.10050214,9.786994,
5.129807692,0.088537596,9.746315,
5.134615385,0.10289505,9.679314,
5.139423077,0.13878867,9.645813,
5.144230769,0.13400285,9.626669,
5.149038462,0.13400285,9.588383,
5.153846154,0.13160995,9.624276,
5.158653846,0.12682413,9.669742,
5.163461538,0.13400285,9.7415285,
5.168269231,0.13400285,9.779816,
5.173076923,0.13639577,9.877925,
5.177884615,0.08614469,9.94014,
5.182692308,0.08375178,9.911426,
5.1875,0.14357449,9.885103,
5.192307692,0.13878867,9.834852,
5.197115385,0.088537596,9.822887,
5.201923077,0.15793194,9.7176,
5.206730769,0.13639577,9.674527,
5.211538462,0.13160995,9.70085,
5.216346154,0.067001425,9.681706,
5.221153846,0.09810923,9.73435,
5.225961538,0.09093051,9.679314,
5.230769231,0.11485959,9.729565,
5.235576923,0.18186101,9.607526,
5.240384615,0.23211208,9.52856,
5.245192308,0.22971918,9.538132,
5.25,0.27518442,9.5500965,
5.254807692,0.28714898,9.507024,
5.259615385,0.31107804,9.5405245,
5.264423077,0.35415038,9.578811,
5.269230769,0.31825677,9.612311,
5.274038462,0.3326142,9.705635,
5.278846154,0.24168372,9.719993,
5.283653846,0.2392908,9.7917795,
5.288461538,0.28236315,9.832459,
5.293269231,0.27518442,9.813316,
5.298076923,0.2057901,9.820495,
5.302884615,0.22254045,9.803744,
5.307692308,0.27279153,9.834852,
5.3125,0.24168372,9.743921,
5.317307692,0.24886245,9.715207,
5.322115385,0.26082698,9.681706,
5.326923077,0.34457877,9.7176,
5.331730769,0.3254355,9.782208,
5.336538462,0.34697166,9.822887,
5.341346154,0.5168682,9.765458,
5.346153846,0.34697166,9.904246,
5.350961538,0.31107804,9.913818,
5.355769231,0.33740005,9.916211,
5.360576923,0.39243692,9.909033,
5.365384615,0.3254355,9.909033,
5.370192308,0.3326142,9.930569,
5.375,0.36372203,9.897068,
5.379807692,0.36850783,9.899461,
5.384615385,0.33740005,9.88271,
5.389423077,0.27997026,9.990392,
5.394230769,0.24168372,9.944926,
5.399038462,0.30389932,9.928176,
5.403846154,0.2967206,9.899461,
5.408653846,0.26082698,9.897068,
5.413461538,0.26082698,9.818102,
5.418269231,0.234505,9.861175,
5.423076923,0.27518442,9.789387,
5.427884615,0.24646953,9.813316,
5.432692308,0.25604117,9.765458,
5.4375,0.2943277,9.686492,
5.442307692,0.2680057,9.617098,
5.447115385,0.17468229,9.578811,
5.451923077,0.21296883,9.571632,
5.456730769,0.25604117,9.504631,
5.461538462,0.25604117,9.581204,
5.466346154,0.20339718,9.588383,
5.471153846,0.19861138,9.669742,
5.475961538,0.21057591,9.636241,
5.480769231,0.24646953,9.698457,
5.485576923,0.19382556,9.712814,
5.490384615,0.20339718,9.82528,
5.495192308,0.19861138,9.832459,
5.5,0.22493336,9.856388,
5.504807692,0.19621846,9.798959,
5.509615385,0.13639577,9.806137,
5.514423077,0.15314612,9.719993,
5.519230769,0.19382556,9.815709,
5.524038462,0.17468229,9.712814,
5.528846154,0.17707519,9.731957,
5.533653846,0.23211208,9.708028,
5.538461538,0.27997026,9.758279,
5.543269231,0.31586388,9.755886,
5.548076923,0.30629224,9.672134,
5.552884615,0.33740005,9.746315,
5.557692308,0.4115802,9.853995,
5.5625,0.43072346,9.822887,
5.567307692,0.44747382,9.897068,
5.572115385,0.43550926,9.949712,
5.576923077,0.4450809,9.932961,
5.581730769,0.38765112,9.920997,
5.586538462,0.34697166,9.971248,
5.591346154,0.2991135,9.961677,
5.596153846,0.3828653,9.990392,
5.600961538,0.2991135,9.928176,
5.605769231,0.2919348,9.901854,
5.610576923,0.2943277,9.839638,
5.615384615,0.21536173,9.95689,
5.620192308,0.2368979,9.911426,
5.625,0.17228939,9.947319,
5.629807692,0.20339718,9.906639,
5.634615385,0.15553902,9.873138,
5.639423077,0.18186101,9.837245,
5.644230769,0.16032484,9.870746,
5.649038462,0.2057901,9.834852,
5.653846154,0.21296883,9.834852,
5.658653846,0.16271774,9.777423,
5.663461538,0.24886245,9.868353,
5.668269231,0.19382556,9.763065,
5.673076923,0.18186101,9.7176,
5.677884615,0.18903974,9.70085,
5.682692308,0.2057901,9.73435,
5.6875,0.18664683,9.722385,
5.692307692,0.25364825,9.7176,
5.697115385,0.2656128,9.684099,
5.701923077,0.2368979,9.7176,
5.706730769,0.22971918,9.614705,
5.711538462,0.22254045,9.648206,
5.716346154,0.27757734,9.609919,
5.721153846,0.27518442,9.674527,
5.725961538,0.2680057,9.739136,
5.730769231,0.22971918,9.786994,
5.735576923,0.22971918,9.746315,
5.740384615,0.24407662,9.731957,
5.745192308,0.2656128,9.708028,
5.75,0.26082698,9.743921,
5.754807692,0.21775463,9.73435,
5.759615385,0.22971918,9.73435,
5.764423077,0.24168372,9.7176,
5.769230769,0.21775463,9.731957,
5.774038462,0.21775463,9.69367,
5.778846154,0.2967206,9.736743,
5.783653846,0.24646953,9.820495,
5.788461538,0.30389932,9.722385,
5.793269231,0.3230426,9.763065,
5.798076923,0.3254355,9.710421,
5.802884615,0.44747382,9.861175,
5.807692308,0.033500712,9.885103,
5.8125,0.15314612,9.777423,
5.817307692,0.22493336,9.779816,
5.822115385,0.21296883,9.806137,
5.826923077,0.2632199,9.755886,
5.831730769,0.17468229,9.696064,
5.836538462,0.22493336,9.763065,
5.841346154,0.25604117,9.767851,
5.846153846,0.22493336,9.755886,
5.850961538,0.22732627,9.779816,
5.855769231,0.2368979,9.88271,
5.860576923,0.28714898,9.8922825,
5.865384615,0.27039862,9.842031,
5.870192308,0.27518442,9.779816,
5.875,0.25125536,9.715207,
5.879807692,0.32064968,9.648206,
5.884615385,0.24168372,9.67692,
5.889423077,0.18664683,9.669742,
5.894230769,0.18425392,9.770244,
5.899038462,0.27039862,9.786994,
5.903846154,0.20339718,9.815709,
5.908653846,0.28954187,9.796566,
5.913461538,0.28475606,9.763065,
5.918269231,0.28236315,9.760673,
5.923076923,0.234505,9.818102,
5.927884615,0.2632199,9.832459,
5.932692308,0.22254045,9.858782,
5.9375,0.18664683,9.837245,
5.942307692,0.21775463,9.870746,
5.947115385,0.17468229,9.894675,
5.951923077,0.13878867,9.901854,
5.956730769,0.19143265,9.925783,
5.961538462,0.18425392,9.88271,
5.966346154,0.20339718,9.810924,
5.971153846,0.15314612,9.806137,
5.975961538,0.23211208,9.751101,
5.980769231,0.19861138,9.770244,
5.985576923,0.2057901,9.763065,
5.990384615,0.20339718,9.758279,
5.995192308,0.21057591,9.782208,
6,0.20339718,9.784601,
6.004807692,0.25364825,9.813316,
6.009615385,0.2368979,9.837245,
6.014423077,0.18903974,9.839638,
6.019230769,0.22493336,9.851603,
6.024038462,0.20339718,9.8922825,
6.028846154,0.22254045,9.844424,
6.033653846,0.2057901,9.844424,
6.038461538,0.16511066,9.822887,
6.043269231,0.18425392,9.839638,
6.048076923,0.24407662,9.877925,
6.052884615,0.234505,9.949712,
6.057692308,0.33500713,9.873138,
6.0625,0.35893622,9.94014,
6.067307692,0.23211208,9.830067,
6.072115385,0.21536173,9.827674,
6.076923077,0.25364825,9.743921,
6.081730769,0.24407662,9.858782,
6.086538462,0.1459674,9.870746,
6.091346154,0.20100428,9.830067,
