Time (s) Auto,FN
0,865.37
0.002,865.77
0.004,866.11
0.006,865.89
0.008,866.05
0.01,865.78
0.012,865.91
0.014,866.01
0.016,865.84
0.018,866.33
0.02,865.94
0.022,865.78
0.024,865.83
0.026,865.77
0.028,865.42
0.03,865.47
0.032,865.28
0.034,864.94
0.036,864.78
0.038,864.64
0.04,864.05
0.042,863.91
0.044,863.42
0.046,863.12
0.048,863.33
0.05,863.21
0.052,863.05
0.054,862.8
0.056,862.72
0.058,862.71
0.06,862.85
0.062,862.9
0.064,862.68
0.066,863.32
0.068,863.1
0.07,863.18
0.072,863.72
0.074,863.74
0.076,864.73
0.078,864.57
0.08,864.95
0.082,865.46
0.084,866.11
0.086,866.33
0.088,866.62
0.09,867.3
0.092,867.97
0.094,868.75
0.096,869.13
0.098,869.77
0.1,869.45
0.102,869.85
0.104,870.31
0.106,870.67
0.108,870.47
0.11,869.8
0.112,870.55
0.114,869.87
0.116,869.61
0.118,869.25
0.12,869.52
0.122,868.93
0.124,868.7
0.126,868.24
0.128,868.17
0.13,868.19
0.132,867.53
0.134,867.11
0.136,867.35
0.138,866.53
0.14,866.61
0.142,866.74
0.144,866.63
0.146,866.35
0.148,866.02
0.15,866.16
0.152,866.37
0.154,866.15
0.156,866.72
0.158,866.66
0.16,866.71
0.162,866.76
0.164,867.28
0.166,866.89
0.168,866.79
0.17,867.62
0.172,867.38
0.174,867.88
0.176,868.04
0.178,867.79
0.18,868.28
0.182,867.52
0.184,868.22
0.186,867.51
0.188,867.89
0.19,867.78
0.192,867.29
0.194,867.57
0.196,866.54
0.198,866.53
0.2,865.99
0.202,865.69
0.204,865.64
0.206,865.26
0.208,864.61
0.21,863.57
0.212,863.12
0.214,862.84
0.216,862.9
0.218,861.98
0.22,861.61
0.222,861.34
0.224,860.58
0.226,859.72
0.228,859.36
0.23,859.13
0.232,858.56
0.234,858.92
0.236,858.35
0.238,858.33
0.24,858.65
0.242,858.93
0.244,858.66
0.246,859.13
0.248,859.39
0.25,859.84
0.252,860.4
0.254,860.24
0.256,861.16
0.258,861.19
0.26,861.63
0.262,862.11
0.264,862.76
0.266,863.4
0.268,864.19
0.27,864.27
0.272,864.43
0.274,864.67
0.276,865.49
0.278,865.13
0.28,865.66
0.282,866.02
0.284,865.85
0.286,866.49
0.288,866.31
0.29,866.52
0.292,866.35
0.294,866.74
0.296,866.63
0.298,866.71
0.3,866.41
0.302,866.54
0.304,866.57
0.306,866.65
0.308,866.46
0.31,866.89
0.312,866.59
0.314,866.54
0.316,866.86
0.318,866.84
0.32,867.09
0.322,867.22
0.324,866.68
0.326,867.03
0.328,867.01
0.33,866.8
0.332,866.74
0.334,866.77
0.336,866.88
0.338,866.86
0.34,866.49
0.342,866.57
0.344,865.95
0.346,866.17
0.348,866.01
0.35,865.68
0.352,866.04
0.354,865.85
0.356,865.59
0.358,865.29
0.36,866.02
0.362,865.73
0.364,865.97
0.366,865.98
0.368,865.76
0.37,866.09
0.372,865.8
0.374,866.1
0.376,865.78
0.378,866.31
0.38,866.04
0.382,866.26
0.384,865.97
0.386,866.16
0.388,866.19
0.39,866.7
0.392,866.24
0.394,866.11
0.396,866.22
0.398,866.28
0.4,866.5
0.402,866.49
0.404,866.56
0.406,866.56
0.408,866.12
0.41,865.89
0.412,865.86
0.414,866.08
0.416,866.19
0.418,866.05
0.42,865.55
0.422,865.52
0.424,865.9
0.426,865.55
0.428,865.75
0.43,865.75
0.432,865.43
0.434,865.38
0.436,865.44
0.438,865.72
0.44,865.07
0.442,865.13
0.444,865.32
0.446,864.13
0.448,864.81
0.45,864.49
0.452,864.66
0.454,864.67
0.456,864.59
0.458,864.65
0.46,864.32
0.462,864.06
0.464,864.14
0.466,863.88
0.468,864.17
0.47,864.04
0.472,863.67
0.474,863.99
0.476,863.62
0.478,863.54
0.48,863.3
0.482,863.01
0.484,863.47
0.486,863.36
0.488,863.2
0.49,863.72
0.492,863.62
0.494,863.38
0.496,863.84
0.498,863.77
0.5,863.47
0.502,863.88
0.504,864.27
0.506,864.43
0.508,864.55
0.51,864.71
0.512,864.74
0.514,864.85
0.516,864.64
0.518,865.02
0.52,865.13
0.522,865.97
0.524,865.62
0.526,866.49
0.528,865.65
0.53,866.25
0.532,865.7
0.534,866.3
0.536,866.22
0.538,866.35
0.54,865.54
0.542,866.57
0.544,866.76
0.546,866.22
0.548,866.06
0.55,865.71
0.552,865.65
0.554,865.24
0.556,864.79
0.558,864.95
0.56,864.87
0.562,864.49
0.564,864.17
0.566,864.2
0.568,864.5
0.57,864.39
0.572,864.34
0.574,864.02
0.576,863.97
0.578,863.75
0.58,863.78
0.582,863.64
0.584,863.76
0.586,863.95
0.588,864.01
0.59,863.68
0.592,864.74
0.594,864.55
0.596,864.2
0.598,864.44
0.6,864.31
0.602,864.61
0.604,864.07
0.606,864.39
0.608,863.99
0.61,864.1
0.612,863.94
0.614,863.7
0.616,864.24
0.618,863.84
0.62,863.82
0.622,863.82
0.624,863.82
0.626,863.93
0.628,863.14
0.63,863.86
0.632,863.56
0.634,863.79
0.636,863.78
0.638,864.19
0.64,864.12
0.642,864.5
0.644,864.44
0.646,864.78
0.648,864.85
0.65,864.7
0.652,864.75
0.654,864.78
0.656,864.7
0.658,864.71
0.66,865.41
0.662,864.93
0.664,864.68
0.666,865.14
0.668,864.74
0.67,864.8
0.672,864.83
0.674,864.55
0.676,864.42
0.678,863.99
0.68,864.56
0.682,864.45
0.684,863.93
0.686,864.58
0.688,864.43
0.69,863.83
0.692,864.32
0.694,863.75
0.696,864.02
0.698,864.24
0.7,864.24
0.702,864.03
0.704,864.48
0.706,864
0.708,864.79
0.71,864.46
0.712,865.14
0.714,865.22
0.716,865.28
0.718,865.01
0.72,865.85
0.722,865.31
0.724,865.37
0.726,865.43
0.728,865.37
0.73,865.48
0.732,865.75
0.734,865.08
0.736,865
0.738,864.97
0.74,865.35
0.742,864.44
0.744,864.66
0.746,864.28
0.748,863.88
0.75,863.85
0.752,864.29
0.754,863.8
0.756,863.7
0.758,863.56
0.76,863.7
0.762,863.7
0.764,863.32
0.766,863.87
0.768,863.57
0.77,864.22
0.772,863.87
0.774,863.6
0.776,864.31
0.778,863.57
0.78,864.01
0.782,864.23
0.784,864.06
0.786,864.61
0.788,864.52
0.79,864.82
0.792,864.42
0.794,864.66
0.796,864.68
0.798,864.68
0.8,865.01
0.802,864.66
0.804,865.55
0.806,865.31
0.808,865.57
0.81,865.17
0.812,865.71
0.814,865.28
0.816,865.36
0.818,865.8
0.82,865.36
0.822,866.12
0.824,865.8
0.826,865.72
0.828,865.51
0.83,865.91
0.832,865.61
0.834,865.4
0.836,865.35
0.838,865.29
0.84,865.41
0.842,864.97
0.844,865.16
0.846,864.67
0.848,864.81
0.85,864.54
0.852,863.75
0.854,863.85
0.856,864.1
0.858,864.66
0.86,863.58
0.862,864.01
0.864,863.82
0.866,863.9
0.868,863.47
0.87,863.43
0.872,863.4
0.874,863.67
0.876,863.59
0.878,863.48
0.88,863.48
0.882,863.72
0.884,863.37
0.886,863.26
0.888,863.5
0.89,863.96
0.892,863.77
0.894,863.98
0.896,864.34
0.898,864.47
0.9,864.8
0.902,864.91
0.904,864.78
0.906,864.99
0.908,865.46
0.91,865.68
0.912,865.56
0.914,866.1
0.916,866.54
0.918,866.35
0.92,867.11
0.922,867.06
0.924,867.55
0.926,867.42
0.928,867.88
0.93,868.14
0.932,867.8
0.934,868.39
0.936,868.28
0.938,868.34
0.94,868.12
0.942,868.55
0.944,868.61
0.946,868.44
0.948,868.36
0.95,867.99
0.952,867.77
0.954,868.09
0.956,867.36
0.958,867.47
0.96,867.25
0.962,866.55
0.964,866.52
0.966,865.68
0.968,865.65
0.97,865.63
0.972,864.95
0.974,865.36
0.976,864.6
0.978,864.63
0.98,864.68
0.982,864.09
0.984,864.14
0.986,863.87
0.988,863.68
0.99,863.9
0.992,863.49
0.994,863.03
0.996,863.17
0.998,863.54
1,863.65
1.002,863.3
1.004,864
1.006,863.33
1.008,863.94
1.01,863.97
1.012,863.65
1.014,863.73
1.016,863.75
1.018,863.84
1.02,863.78
1.022,864.1
1.024,864.51
1.026,864.44
1.028,864.78
1.03,864.68
1.032,864.54
1.034,864.65
1.036,865.33
1.038,864.75
1.04,865.12
1.042,865.34
1.044,865.19
1.046,865.78
1.048,865.54
1.05,865.66
1.052,865.53
1.054,866.23
1.056,865.47
1.058,865.8
1.06,866.35
1.062,866
1.064,866.36
1.066,866.28
1.068,866.77
1.07,866.45
1.072,866.69
1.074,866.4
1.076,866.56
1.078,866.79
1.08,866.38
1.082,866.3
1.084,866.27
1.086,866.14
1.088,866.28
1.09,864.82
1.092,865.01
1.094,864.53
1.096,864.86
1.098,864.07
1.1,863.83
1.102,863.18
1.104,862.91
1.106,862.88
1.108,862.77
1.11,862.36
1.112,862.34
1.114,861.26
1.116,861.5
1.118,860.75
1.12,861.4
1.122,860.5
1.124,860.69
1.126,860.39
1.128,860.31
1.13,860.45
1.132,860.23
1.134,860.28
1.136,860.44
1.138,860.52
1.14,860.6
1.142,860.57
1.144,861.05
1.146,861.4
1.148,861.41
1.15,861.97
1.152,861.73
1.154,862.27
1.156,862.37
1.158,862.75
1.16,863.34
1.162,863.91
1.164,864.39
1.166,864.79
1.168,865.22
1.17,865.66
1.172,865.93
1.174,866.25
1.176,867.12
1.178,867.11
1.18,867.16
1.182,868.03
1.184,868.35
1.186,868.65
1.188,868.89
1.19,869.35
1.192,869.7
1.194,869.92
1.196,870
1.198,870.48
1.2,870.51
1.202,870.83
1.204,870.62
1.206,870.83
1.208,870.83
1.21,871.02
1.212,870.75
1.214,870.64
1.216,870.64
1.218,870.89
1.22,870.73
1.222,870.99
1.224,870.35
1.226,870.56
1.228,870.78
1.23,870.45
1.232,870.43
1.234,870.94
1.236,870.86
1.238,870.53
1.24,871.13
1.242,870.97
1.244,871.37
1.246,871.2
1.248,871.04
1.25,870.85
1.252,871.41
1.254,871.09
1.256,871.52
1.258,871.3
1.26,871.41
1.262,871.57
1.264,871.44
1.266,871.28
1.268,871.86
1.27,871.56
1.272,871.67
1.274,870.83
1.276,871.21
1.278,870.5
1.28,870.53
1.282,869.63
1.284,869.14
1.286,868
1.288,867.1
1.29,866.43
1.292,864.77
1.294,863.6
1.296,862.87
1.298,861.18
1.3,860.69
1.302,859.47
1.304,858.54
1.306,857.99
1.308,857.72
1.31,857.31
1.312,856.96
1.314,857.39
1.316,857.42
1.318,858.12
1.32,858.66
1.322,859.73
1.324,860.4
1.326,861.75
1.328,862.71
1.33,863.66
1.332,865.67
1.334,866.23
1.336,866.69
1.338,868.62
1.34,869.48
1.342,869.67
1.344,870.97
1.346,871.73
1.348,871.7
1.35,872.89
1.352,873.08
1.354,873.38
1.356,873.4
1.358,874.03
1.36,874.13
1.362,873.88
1.364,873.64
1.366,873.07
1.368,873.36
1.37,873.17
1.372,872
1.374,872.21
1.376,871.56
1.378,870.94
1.38,870.74
1.382,870.17
1.384,869.9
1.386,869.22
1.388,868.81
1.39,868.84
1.392,867.84
1.394,868.3
1.396,867.83
1.398,867.3
1.4,866.24
1.402,867.1
1.404,866.62
1.406,866.52
1.408,866.3
1.41,865.95
1.412,866.2
1.414,866.08
1.416,866.16
1.418,866.33
1.42,866.68
1.422,866.41
1.424,866.34
1.426,866.36
1.428,866.92
1.43,866.95
1.432,867.11
1.434,867.01
1.436,867.15
1.438,867.09
1.44,867.58
1.442,866.68
1.444,867.34
1.446,866.88
1.448,867.01
1.45,866.77
1.452,866.9
1.454,866.79
1.456,866.42
1.458,866.41
1.46,866.55
1.462,866.17
1.464,865.52
1.466,865.41
1.468,864.84
1.47,864.26
1.472,863.64
1.474,862.95
1.476,862.46
1.478,862.14
1.48,861.24
1.482,860.59
1.484,860.42
1.486,859.66
1.488,859.11
1.49,858.07
1.492,858.5
1.494,857.85
1.496,857.28
1.498,856.75
1.5,856.34
1.502,856.04
1.504,855.98
1.506,855.54
1.508,855.32
1.51,854.69
1.512,854.77
1.514,854.03
1.516,854
1.518,853.64
1.52,853.53
1.522,853.15
1.524,852.68
1.526,852.25
1.528,851.54
1.53,851.43
1.532,851.3
1.534,851.29
1.536,850.78
1.538,850.81
1.54,850.97
1.542,851.08
1.544,851.4
1.546,851.56
1.548,852.27
1.55,853.19
1.552,853.47
1.554,853.82
1.556,854.58
1.558,855.61
1.56,855.72
1.562,857.48
1.564,858.24
1.566,859.08
1.568,860.49
1.57,861.85
1.572,862.42
1.574,863.71
1.576,864.43
1.578,865.93
1.58,866.15
1.582,867.58
1.584,867.91
1.586,868.77
1.588,869.26
1.59,869.07
1.592,869.99
1.594,869.83
1.596,869.93
1.598,870.45
1.6,870.15
1.602,869.82
1.604,870.12
1.606,869.82
1.608,869.6
1.61,869.6
1.612,869.41
1.614,869.55
1.616,868.41
1.618,868.68
1.62,868.5
1.622,867.85
1.624,867.04
1.626,866.77
1.628,866.67
1.63,866.34
1.632,866.43
1.634,866
1.636,865.45
1.638,865.38
1.64,865.22
1.642,865.41
1.644,865.38
1.646,864.82
1.648,864.61
1.65,864.56
1.652,864.65
1.654,864.62
1.656,864.38
1.658,864.28
1.66,864.92
1.662,864.5
1.664,864.66
1.666,864.5
1.668,864.31
1.67,864.64
1.672,864.21
1.674,863.91
1.676,864.11
1.678,864.28
1.68,864.71
1.682,864.66
1.684,864.58
1.686,864.61
1.688,865.16
1.69,865.7
1.692,865.63
1.694,866.36
1.696,866.47
1.698,866.96
1.7,867.26
1.702,867.81
1.704,867.95
1.706,868.5
1.708,868.9
1.71,869.29
1.712,869.46
1.714,869.82
1.716,869.91
1.718,870.53
1.72,870.87
1.722,871.5
1.724,871.77
1.726,872.51
1.728,872.76
1.73,873.36
1.732,873.82
1.734,874.1
1.736,874.38
1.738,874.62
1.74,874.68
1.742,875.01
1.744,875.09
1.746,874.72
1.748,874.45
1.75,874.4
1.752,874.07
1.754,873.86
1.756,873.29
1.758,872.56
1.76,872.29
1.762,872.26
1.764,871.45
1.766,870.61
1.768,869.67
1.77,869.7
1.772,869.03
1.774,867.97
1.776,867.78
1.778,867.3
1.78,866.44
1.782,865.93
1.784,865.44
1.786,864.94
1.788,865.1
1.79,864.51
1.792,863.6
1.794,863.85
1.796,863.35
1.798,863.57
1.8,863.52
1.802,863.42
1.804,863.62
1.806,863.79
1.808,863.62
1.81,864
1.812,863.91
1.814,864.54
1.816,864.2
1.818,865.04
1.82,865.02
1.822,865.35
1.824,864.85
1.826,864.6
1.828,864.54
1.83,864.81
1.832,864.33
1.834,864.09
1.836,863.12
1.838,863.51
1.84,863.87
1.842,862.81
1.844,862.76
1.846,862.42
1.848,862.07
1.85,861.51
1.852,861.32
1.854,861.03
1.856,861.01
1.858,860.26
1.86,859.45
1.862,859.84
1.864,858.84
1.866,858.6
1.868,857.9
1.87,858.37
1.872,857.62
1.874,857.03
1.876,856.85
1.878,856.34
1.88,855.61
1.882,855.76
1.884,855.25
1.886,855.07
1.888,854.58
1.89,853.96
1.892,853.89
1.894,853.73
1.896,853.14
1.898,852.72
1.9,852.51
1.902,852.18
1.904,851.81
1.906,851.96
1.908,852.25
1.91,851.9
1.912,852.43
1.914,852.67
1.916,853.17
1.918,853.25
1.92,854.07
1.922,854.5
1.924,855.45
1.926,855.62
1.928,856.19
1.93,857
1.932,857.63
1.934,858.31
1.936,858.83
1.938,859.48
1.94,860.54
1.942,860.84
1.944,861.5
1.946,861.91
1.948,862.89
1.95,863.65
1.952,864.23
1.954,864.8
1.956,865.46
1.958,866.46
1.96,866.82
1.962,867.12
1.964,867.32
1.966,868.05
1.968,868.2
1.97,868.33
1.972,868.96
1.974,869.03
1.976,869.63
1.978,870.17
1.98,870.64
1.982,870.48
1.984,870.73
1.986,870.6
1.988,870.53
1.99,871.18
1.992,871.29
1.994,870.79
1.996,870.65
1.998,870.33
2,870.93
2.002,870.15
2.004,870.11
2.006,869.33
2.008,869.63
2.01,869.04
2.012,869.31
2.014,868.59
2.016,868.29
2.018,868
2.02,867.16
2.022,866.69
2.024,866.72
2.026,865.82
2.028,865.45
2.03,865.32
2.032,864.89
2.034,864.99
2.036,864.83
2.038,864.83
2.04,864.15
2.042,863.85
2.044,863.94
2.046,863.66
2.048,863.74
2.05,863.52
2.052,862.76
2.054,862.86
2.056,862.81
2.058,862.67
2.06,862.56
2.062,863.07
2.064,862.45
2.066,862.58
2.068,862.23
2.07,862.96
2.072,863.2
2.074,863.99
2.076,863.75
2.078,864.7
2.08,865.62
2.082,865.51
2.084,866.25
2.086,866.74
2.088,867.63
2.09,868.55
2.092,868.23
2.094,869.28
2.096,869.37
2.098,869.85
2.1,870.28
2.102,870.36
2.104,870.06
2.106,870.16
2.108,869.61
2.11,868.95
2.112,868.21
2.114,867.55
2.116,866.84
2.118,866.54
2.12,865.61
2.122,864.28
2.124,863.54
2.126,862.93
2.128,861.68
2.13,860.86
2.132,859.85
2.134,858.84
2.136,857.75
2.138,857.09
2.14,856.31
2.142,855.48
2.144,854.53
2.146,853.19
2.148,851.91
2.15,850.88
2.152,850.71
2.154,849.95
2.156,848.75
2.158,847.9
2.16,846.87
2.162,846.89
2.164,846.35
2.166,846.4
2.168,845.88
2.17,845.52
2.172,846.11
2.174,844.99
2.176,844.91
2.178,844.58
2.18,844.2
2.182,843.7
2.184,843.21
2.186,842.85
2.188,842.49
2.19,841.94
2.192,841.63
2.194,840.72
2.196,839.58
2.198,839.41
2.2,838.52
2.202,837.87
2.204,837.64
2.206,835.82
2.208,835.53
2.21,834.25
2.212,833.78
2.214,833.06
2.216,831.91
2.218,831.08
2.22,829.67
2.222,828.82
2.224,827.32
2.226,826.88
2.228,825.03
2.23,823.34
2.232,821.3
2.234,819.5
2.236,817.3
2.238,814.85
2.24,812.51
2.242,809.34
2.244,806.48
2.246,803.66
2.248,800.05
2.25,795.93
2.252,791.91
2.254,787.74
2.256,783.62
2.258,779.06
2.26,774.54
2.262,770.05
2.264,765.25
2.266,761.19
2.268,757.05
2.27,753.47
2.272,750.11
2.274,746.59
2.276,743.15
2.278,739.77
2.28,736.06
2.282,734.2
2.284,731.38
2.286,728.75
2.288,727.37
2.29,724.94
2.292,722.82
2.294,720.34
2.296,718.01
2.298,716.2
2.3,713.22
2.302,711.5
2.304,709.01
2.306,705.92
2.308,703.22
2.31,699.92
2.312,696.94
2.314,693.24
2.316,690
2.318,686.37
2.32,682.91
2.322,678.58
2.324,674.66
2.326,670.16
2.328,667.05
2.33,662.95
2.332,659.8
2.334,655.85
2.336,652.52
2.338,648.95
2.34,645.08
2.342,642.33
2.344,639.43
2.346,636.77
2.348,633.6
2.35,630.74
2.352,628.29
2.354,625.73
2.356,623.34
2.358,620.85
2.36,618.37
2.362,616.39
2.364,614.32
2.366,613.39
2.368,611.55
2.37,610.27
2.372,607.89
2.374,606.09
2.376,604.43
2.378,602.8
2.38,601.71
2.382,600.4
2.384,598.77
2.386,597.48
2.388,597.01
2.39,596.29
2.392,595.98
2.394,595.51
2.396,595.71
2.398,595.7
2.4,596.06
2.402,597.1
2.404,599.43
2.406,602.06
2.408,605.04
2.41,608.72
2.412,612.05
2.414,615.21
2.416,619.64
2.418,623.03
2.42,626.53
2.422,629.99
2.424,633.3
2.426,636.5
2.428,640.23
2.43,644.48
2.432,647.39
2.434,651.23
2.436,655.02
2.438,658.08
2.44,661.77
2.442,665.05
2.444,668.76
2.446,671.32
2.448,673.57
2.45,675.73
2.452,677.78
2.454,679.25
2.456,680.36
2.458,681.76
2.46,681.73
2.462,682.93
2.464,682.92
2.466,682.27
2.468,682.1
2.47,681.29
2.472,680.09
2.474,679.04
2.476,678.9
2.478,677.77
2.48,676.94
2.482,675.9
2.484,674.64
2.486,674.08
2.488,672.48
2.49,670.82
2.492,669.41
2.494,668.41
2.496,666.46
2.498,664.95
2.5,664.09
2.502,663.01
2.504,662.42
2.506,662.69
2.508,662.67
2.51,663.39
2.512,664.47
2.514,666.33
2.516,669.37
2.518,671.81
2.52,675.07
2.522,678.62
2.524,683.14
2.526,688.35
2.528,693.45
2.53,698.82
2.532,704.45
2.534,710.64
2.536,716.94
2.538,722.85
2.54,727.71
2.542,732.43
2.544,737.64
2.546,742.55
2.548,745.79
2.55,748.66
2.552,751.66
2.554,753.47
2.556,754.59
2.558,756.06
2.56,757.29
2.562,757.52
2.564,758.57
2.566,759.82
2.568,759.69
2.57,759.9
2.572,760.04
2.574,759.6
2.576,758.69
2.578,758.06
2.58,756.97
2.582,755.94
2.584,755.31
2.586,755.05
2.588,754.64
2.59,755.39
2.592,755.77
2.594,757.1
2.596,758.89
2.598,760.56
2.6,762.54
2.602,764.82
2.604,767.53
2.606,770.73
2.608,773.78
2.61,778.48
2.612,783.21
2.614,790.13
2.616,797.17
2.618,805.24
2.62,814.19
2.622,824.44
2.624,833.64
2.626,843.72
2.628,853.48
2.63,861.39
2.632,869.62
2.634,878.23
2.636,885.05
2.638,892.27
2.64,899.82
2.642,907.25
2.644,913.84
2.646,921.15
2.648,927.36
2.65,933.7
2.652,939.39
2.654,944.83
2.656,950.48
2.658,955.36
2.66,959.7
2.662,964.43
2.664,969.09
2.666,973.81
2.668,977.85
2.67,983
2.672,987.2
2.674,990.99
2.676,994.97
2.678,999.11
2.68,1002.55
2.682,1006.75
2.684,1010.22
2.686,1014.81
2.688,1020.13
2.69,1026.33
2.692,1032.56
2.694,1040.34
2.696,1047.85
2.698,1055.54
2.7,1064.48
2.702,1073.73
2.704,1082.58
2.706,1091.21
2.708,1100.16
2.71,1110.51
2.712,1120.64
2.714,1130.83
2.716,1142.24
2.718,1154.98
2.72,1165.8
2.722,1178.4
2.724,1190.25
2.726,1201.88
2.728,1211.84
2.73,1221.95
2.732,1231.71
2.734,1242.81
2.736,1251.78
2.738,1262.36
2.74,1273.81
2.742,1283.85
2.744,1295.8
2.746,1307.83
2.748,1321.02
2.75,1332.2
2.752,1343.23
2.754,1353.29
2.756,1363.21
2.758,1373.39
2.76,1383.58
2.762,1394.12
2.764,1405.74
2.766,1417.32
2.768,1428.05
2.77,1440.95
2.772,1453.43
2.774,1465.1
2.776,1478.38
2.778,1490.74
2.78,1502.16
2.782,1514.74
2.784,1527.94
2.786,1541.16
2.788,1555.8
2.79,1569.76
2.792,1582.76
2.794,1597.03
2.796,1609.95
2.798,1623.14
2.8,1639.12
2.802,1652
2.804,1662.73
2.806,1672.07
2.808,1681
2.81,1691.75
2.812,1702.37
2.814,1712.2
2.816,1722.01
2.818,1731.35
2.82,1740.52
2.822,1749.77
2.824,1757.79
2.826,1764.64
2.828,1771.77
2.83,1778.22
2.832,1782.77
2.834,1789.34
2.836,1796.41
2.838,1802.81
2.84,1808.17
2.842,1813.39
2.844,1817.41
2.846,1822.07
2.848,1825.38
2.85,1830.31
2.852,1834.6
2.854,1839.57
2.856,1844.25
2.858,1848.66
2.86,1851.72
2.862,1855.05
2.864,1858.71
2.866,1862.22
2.868,1866.38
2.87,1870.68
2.872,1875.59
2.874,1880.83
2.876,1887.23
2.878,1894.29
2.88,1900.77
2.882,1906.5
2.884,1911.3
2.886,1916.75
2.888,1921.6
2.89,1925.26
2.892,1929.24
2.894,1933.35
2.896,1936.76
2.898,1938.83
2.9,1941.7
2.902,1944.07
2.904,1944.12
2.906,1944.53
2.908,1944.17
2.91,1942.64
2.912,1941.35
2.914,1940.75
2.916,1940.95
2.918,1940.09
2.92,1939.06
2.922,1938.8
2.924,1939.15
2.926,1939.15
2.928,1938.29
2.93,1938.55
2.932,1938.78
2.934,1937.51
2.936,1934.82
2.938,1932.05
2.94,1929.16
2.942,1927.04
2.944,1926.38
2.946,1927.74
2.948,1925.22
2.95,1913.22
2.952,1904.34
2.954,1902.71
2.956,1902.12
2.958,1897.7
2.96,1893.28
2.962,1889.86
2.964,1886.08
2.966,1882.42
2.968,1878.84
2.97,1874.53
2.972,1870.42
2.974,1865.73
2.976,1863.34
2.978,1863.57
2.98,1866.78
2.982,1866.11
2.984,1862.92
2.986,1858.1
2.988,1850.8
2.99,1841.55
2.992,1834.9
2.994,1824.67
2.996,1809.92
2.998,1796.05
3,1781.63
3.002,1765.25
3.004,1747.01
3.006,1726.51
3.008,1703.33
3.01,1680.8
3.012,1653.97
3.014,1623.65
3.016,1591.41
3.018,1554.88
3.02,1517.3
3.022,1477.44
3.024,1431.42
3.026,1382.55
3.028,1332.19
3.03,1277.26
3.032,1222.18
3.034,1166.71
3.036,1105.69
3.038,1047.01
3.04,984.46
3.042,921.59
3.044,861.09
3.046,802.31
3.048,744.64
3.05,688.4
3.052,632.9
3.054,574.67
3.056,515.29
3.058,457.85
3.06,405.39
3.062,352.49
3.064,304.96
3.066,247.8
3.068,193.66
3.07,155.82
3.072,122.15
3.074,87.77
3.076,63
3.078,47.08
3.08,22.16
3.082,11.25
3.084,-0.66
3.086,-7.72
3.088,-12.63
3.09,-6.06
3.092,-3.77
3.094,2.49
3.096,5.75
3.098,-2.81
3.1,-10.93
3.102,-5.61
3.104,4.15
3.106,4.72
3.108,-4.76
3.11,-12.66
3.112,-10.08
3.114,1.51
3.116,5
3.118,2.27
3.12,-1.05
3.122,-1.48
3.124,-3.98
3.126,-7.79
3.128,-7.17
3.13,-1.87
3.132,0.08
3.134,-2.16
3.136,-2.26
3.138,-0.57
3.14,0.27
3.142,-0.22
3.144,-2.19
3.146,-3.88
3.148,-4.35
3.15,-4.64
3.152,-3.48
3.154,-1.61
3.156,-1.2
3.158,-2.07
3.16,-2.54
3.162,-0.37
3.164,0.61
3.166,-1.27
3.168,-5.72
3.17,-5.63
3.172,-2.28
3.174,-0.8
3.176,-2.49
3.178,-3.59
3.18,-1.65
3.182,-0.46
3.184,-1.45
3.186,-1.7
3.188,-1.69
3.19,-2.59
3.192,-3.26
3.194,-3.43
3.196,-1.94
3.198,-1.83
3.2,-2.22
3.202,-2.04
3.204,-0.61
3.206,-1.84
3.208,-1.79
3.21,-1.71
3.212,-2.32
3.214,-3.05
3.216,-3.26
3.218,-2.23
3.22,-1.7
3.222,-1.99
3.224,-2.13
3.226,-1.22
3.228,-1.3
3.23,-2.05
3.232,-2.83
3.234,-2.38
3.236,-2.08
3.238,-2.1
3.24,-2.16
3.242,-1.58
3.244,-1.88
3.246,-2.2
3.248,-2.02
3.25,-1.86
3.252,-1.98
3.254,-2.08
3.256,-1.63
3.258,-2.53
3.26,-2.53
3.262,-2.1
3.264,-1.96
3.266,-1.45
3.268,-1.78
3.27,-1.45
3.272,-1.97
3.274,-2.29
3.276,-2.37
3.278,-1.75
3.28,-1.91
3.282,-1.67
3.284,-1.56
3.286,-1.5
3.288,-1.85
3.29,-2.32
3.292,-2.05
3.294,-2.16
3.296,-2.19
3.298,-2.3
3.3,-2.19
3.302,-2.16
3.304,-2.1
3.306,-1.8
3.308,-2.16
3.31,-1.56
3.312,-1.86
3.314,-1.83
3.316,-1.91
3.318,-2.18
3.32,-2.26
3.322,-2.03
3.324,-1.59
3.326,-1.59
3.328,-1.99
3.33,-1.72
3.332,-1.53
3.334,-2.13
3.336,-2.1
3.338,-2.08
3.34,-1.65
3.342,-1.84
3.344,-2.02
3.346,-2.43
3.348,-1.75
3.35,-1.93
3.352,-2.02
3.354,-1.8
3.356,-1.86
3.358,-1.78
3.36,-2.4
3.362,-1.51
3.364,-2.21
3.366,-1.92
3.368,-1.59
3.37,-1.86
3.372,-1.48
3.374,-1.96
3.376,-1.83
3.378,-1.89
3.38,-2
3.382,-2.19
3.384,-2.13
3.386,-1.95
3.388,-1.7
3.39,-2.26
3.392,-1.86
3.394,-1.86
3.396,-2.16
3.398,-1.78
3.4,-1.51
3.402,-2.16
3.404,-2.08
3.406,-2.08
3.408,-1.72
3.41,-1.83
3.412,-1.83
3.414,-1.75
3.416,-2.05
3.418,-2.53
3.42,-1.96
3.422,-2.08
3.424,-1.97
3.426,-1.67
3.428,-1.7
3.43,-1.75
3.432,-1.75
3.434,-1.56
3.436,-2.02
3.438,-1.78
3.44,-2.35
3.442,-1.59
3.444,-2.19
3.446,-2.05
3.448,-1.89
3.45,-2.16
3.452,-1.97
3.454,-1.94
3.456,-1.72
3.458,-1.51
3.46,-1.64
3.462,-1.99
3.464,-2.07
3.466,-1.7
3.468,-1.8
3.47,-1.72
3.472,-2
3.474,-1.92
3.476,-1.67
3.478,-1.86
3.48,-1.81
3.482,-2.05
3.484,-1.15
3.486,-1.78
3.488,-1.56
3.49,-1.4
3.492,-1.43
3.494,-1.37
3.496,-1.99
3.498,-1.64
3.5,-1.67
3.502,-1.75
3.504,-1.97
3.506,-1.51
3.508,-2.08
3.51,-1.67
3.512,-1.75
3.514,-1.37
3.516,-2.07
3.518,5.83
3.52,122.9
3.522,414.24
3.524,361.85
3.526,475.85
3.528,677.21
3.53,757.67
3.532,741.44
3.534,798.75
3.536,945.67
3.538,938.46
3.54,937.97
3.542,1050.04
3.544,1075.78
3.546,1124.84
3.548,1235.48
3.55,1347.64
3.552,1383.34
3.554,1385.55
3.556,1428.7
3.558,1541.26
3.56,1620.75
3.562,1664.59
3.564,1679.86
3.566,1695.62
3.568,1736.12
3.57,1781.71
3.572,1815.56
3.574,1857.03
3.576,1925.98
3.578,2014.71
3.58,2097.7
3.582,2186.86
3.584,2327.53
3.586,2480.16
3.588,2684.02
3.59,2921.3
3.592,3107.75
3.594,3240.24
3.596,3311.9
3.598,3371.26
3.6,3405.39
3.602,3345.68
3.604,3252.43
3.606,3169.85
3.608,3056.32
3.61,2898.96
3.612,2746.43
3.614,2631.47
3.616,2522.62
3.618,2416.93
3.62,2325.06
3.622,2258.22
3.624,2191.54
3.626,2138.9
3.628,2115.25
3.63,2101.59
3.632,2086.22
3.634,2047.77
3.636,2017.84
3.638,2005.68
3.64,1991.3
3.642,1969.62
3.644,1960.46
3.646,1956.33
3.648,1942.96
3.65,1926.76
3.652,1920.28
3.654,1921.75
3.656,1917.94
3.658,1908.55
3.66,1902.49
3.662,1903.48
3.664,1903.64
3.666,1899.06
3.668,1893.79
3.67,1888.6
3.672,1886.39
3.674,1881.31
3.676,1872.04
3.678,1860.95
3.68,1850.31
3.682,1843.08
3.684,1833.15
3.686,1819.68
3.688,1805.05
3.69,1789.61
3.692,1776.72
3.694,1762.33
3.696,1751.62
3.698,1742.47
3.7,1733.58
3.702,1727.37
3.704,1718.14
3.706,1708.2
3.708,1702.33
3.71,1702.88
3.712,1698.94
3.714,1684.24
3.716,1669.46
3.718,1653.15
3.72,1627.95
3.722,1615.63
3.724,1617.14
3.726,1616.15
3.728,1595.59
3.73,1573.87
3.732,1560.58
3.734,1541.24
3.736,1519.09
3.738,1500.26
3.74,1481.92
3.742,1459.23
3.744,1437
3.746,1420.36
3.748,1403.77
3.75,1385.57
3.752,1372.86
3.754,1356.07
3.756,1331.12
3.758,1302.34
3.76,1285.04
3.762,1268.31
3.764,1248.77
3.766,1230.59
3.768,1216.49
3.77,1200.88
3.772,1181.48
3.774,1163.29
3.776,1148.26
3.778,1132.59
3.78,1116.37
3.782,1099.65
3.784,1083.07
3.786,1069.2
3.788,1054.13
3.79,1039.16
3.792,1024.07
3.794,1009.73
3.796,995.84
3.798,982.88
3.8,971.07
3.802,958.69
3.804,945.9
3.806,932.99
3.808,920.52
3.81,908.63
3.812,897.9
3.814,887.88
3.816,877.87
3.818,867.14
3.82,856.13
3.822,845.95
3.824,836.03
3.826,827.37
3.828,818.32
3.83,809.1
3.832,800.41
3.834,790.05
3.836,780.56
3.838,771.17
3.84,761.02
3.842,750.38
3.844,740
3.846,729.91
3.848,717.93
3.85,707.39
3.852,696.73
3.854,686.59
3.856,677.05
3.858,667.09
3.86,656.84
3.862,647.66
3.864,637.74
3.866,627.99
3.868,618.98
3.87,610.46
3.872,601.18
3.874,593.06
3.876,585.58
3.878,577.65
3.88,570.04
3.882,562.86
3.884,555.87
3.886,549
3.888,542.28
3.89,535.69
3.892,530.5
3.894,524.35
3.896,518.49
3.898,513.4
3.9,508.72
3.902,504.08
3.904,499.52
3.906,495.77
3.908,491.54
3.91,487.67
3.912,484.01
3.914,480.31
3.916,477.01
3.918,473.74
3.92,471.29
3.922,468.49
3.924,466.96
3.926,465.57
3.928,464.45
3.93,462.98
3.932,462.67
3.934,462.38
3.936,462.59
3.938,462.9
3.94,464.03
3.942,464.34
3.944,465.12
3.946,466.56
3.948,467.93
3.95,469.25
3.952,472.09
3.954,473.91
3.956,476.34
3.958,479.41
3.96,483.18
3.962,489.08
3.964,495.55
3.966,501.49
3.968,508.5
3.97,515.58
3.972,521.74
3.974,528.96
3.976,536.86
3.978,543.95
3.98,549.87
3.982,558.12
3.984,566.27
3.986,574.12
3.988,581.66
3.99,589.99
3.992,598.18
3.994,606.48
3.996,615.48
3.998,622.91
4,630.63
4.002,639.1
4.004,647.54
4.006,655.92
4.008,671.8
4.01,685.65
4.012,698.01
4.014,709.55
4.016,723.58
4.018,737.23
4.02,753.76
4.022,769.55
4.024,784.85
4.026,799.92
4.028,814.67
4.03,831.47
4.032,845.48
4.034,857.26
4.036,869.95
4.038,884.21
4.04,895.21
4.042,904.01
4.044,913.45
4.046,924.98
4.048,934.59
4.05,941.33
4.052,948.5
4.054,958.51
4.056,967.03
4.058,974.44
4.06,980.9
4.062,987.98
4.064,994.43
4.066,1000.92
4.068,1005.03
4.07,1010
4.072,1015.13
4.074,1020.37
4.076,1024.78
4.078,1027.83
4.08,1030.79
4.082,1034.12
4.084,1038.7
4.086,1043.76
4.088,1047.99
4.09,1052.66
4.092,1057.46
4.094,1061.03
4.096,1065.1
4.098,1069.11
4.1,1072.66
4.102,1075.96
4.104,1078.69
4.106,1081.72
4.108,1083.48
4.11,1084.35
4.112,1084.85
4.114,1085.25
4.116,1085.93
4.118,1084.88
4.12,1083.33
4.122,1080.64
4.124,1078.08
4.126,1074.87
4.128,1071.36
4.13,1066.65
4.132,1062.3
4.134,1057.21
4.136,1051.31
4.138,1045.71
4.14,1039.48
4.142,1033.31
4.144,1026.7
4.146,1020.04
4.148,1013.23
4.15,1006.08
4.152,998.98
4.154,991.67
4.156,984.28
4.158,976.34
4.16,968.68
4.162,960.77
4.164,953.06
4.166,944.83
4.168,936.6
4.17,928.26
4.172,919.76
4.174,912.25
4.176,903.88
4.178,895.51
4.18,887.93
4.182,879.8
4.184,871.87
4.186,863.77
4.188,856.76
4.19,849.44
4.192,841.54
4.194,835.17
4.196,828.35
4.198,820.28
4.2,813.84
4.202,807.72
4.204,801.63
4.206,795.35
4.208,789.02
4.21,784.17
4.212,779.14
4.214,773.84
4.216,769.13
4.218,765.43
4.22,760.53
4.222,756.91
4.224,753.13
4.226,750.1
4.228,746.54
4.23,743.7
4.232,740.57
4.234,737.96
4.236,735.85
4.238,733.37
4.24,732.17
4.242,730.77
4.244,729.98
4.246,729.05
4.248,729.15
4.25,729.46
4.252,729.13
4.254,729.61
4.256,730.12
4.258,730.85
4.26,731.41
4.262,732.54
4.264,733.7
4.266,735
4.268,737.03
4.27,738.35
4.272,740.84
4.274,743.14
4.276,745.11
4.278,747.84
4.28,749.92
4.282,752.85
4.284,754.81
4.286,757.22
4.288,759.82
4.29,762.25
4.292,763.84
4.294,766.64
4.296,768.89
4.298,771.91
4.3,774.51
4.302,777.01
4.304,779.82
4.306,783.33
4.308,786.38
4.31,789.3
4.312,792.9
4.314,796.9
4.316,800.92
4.318,804.35
4.32,808.41
4.322,811.73
4.324,815.89
4.326,819.24
4.328,822.44
4.33,825.47
4.332,828.52
4.334,831.97
4.336,835.16
4.338,837.84
4.34,841.38
4.342,844.94
4.344,849.05
4.346,852.56
4.348,856.09
4.35,859.39
4.352,861.87
4.354,865.92
4.356,868.34
4.358,871.42
4.36,873.36
4.362,876.32
4.364,878.47
4.366,880.27
4.368,881.82
4.37,884.54
4.372,886.2
4.374,888.32
4.376,889.82
4.378,891.26
4.38,892.24
4.382,893.79
4.384,894.76
4.386,895.59
4.388,896.05
4.39,897.36
4.392,897.55
4.394,898.45
4.396,899
4.398,898.98
4.4,899.36
4.402,899.8
4.404,900.01
4.406,900.34
4.408,900.35
4.41,900.3
4.412,899.91
4.414,899.48
4.416,899.86
4.418,898.82
4.42,899.01
4.422,898.33
4.424,898.45
4.426,898.15
4.428,897.75
4.43,897.54
4.432,897.16
4.434,896.46
4.436,896.44
4.438,896.75
4.44,895.7
4.442,895.32
4.444,895.44
4.446,894.95
4.448,894.31
4.45,894.07
4.452,893.21
4.454,893.02
4.456,892.3
4.458,892.17
4.46,892.44
4.462,891.61
4.464,891.31
4.466,890.89
4.468,890.22
4.47,889.49
4.472,888.14
4.474,887.54
4.476,886.01
4.478,885.01
4.48,883.47
4.482,882.36
4.484,881.41
4.486,879.77
4.488,878.47
4.49,876.57
4.492,875.44
4.494,874.23
4.496,872.25
4.498,870.4
4.5,868.95
4.502,866.98
4.504,865.46
4.506,863.92
4.508,862.03
4.51,860.57
4.512,859.17
4.514,857.82
4.516,856.6
4.518,854.96
4.52,853.41
4.522,852.42
4.524,850.58
4.526,849.18
4.528,847.73
4.53,845.7
4.532,845
4.534,843.49
4.536,842.5
4.538,841.21
4.54,839.84
4.542,838.63
4.544,836.74
4.546,834.93
4.548,834.06
4.55,832.98
4.552,832.11
4.554,831.68
4.556,830.37
4.558,829.57
4.56,827.97
4.562,827.43
4.564,826.58
4.566,825.78
4.568,825.31
4.57,824.81
4.572,824.45
4.574,824.81
4.576,824.96
4.578,824.93
4.58,825.41
4.582,826.12
4.584,827.11
4.586,827.86
4.588,828.82
4.59,829.51
4.592,830.63
4.594,831.46
4.596,832.72
4.598,834.19
4.6,834.98
4.602,836.02
4.604,837.33
4.606,839.34
4.608,840.44
4.61,841.1
4.612,842.24
4.614,843.34
4.616,843.86
4.618,844.49
4.62,844.57
4.622,845.89
4.624,846.21
4.626,846.66
4.628,847.4
4.63,847.13
4.632,847.44
4.634,847.98
4.636,847.92
4.638,848.57
4.64,847.92
4.642,848.58
4.644,849.32
4.646,849.56
4.648,850.35
4.65,850.3
4.652,850.77
4.654,852.1
4.656,852.87
4.658,853.14
4.66,854.09
4.662,855.99
4.664,856.89
4.666,857.62
4.668,858.73
4.67,860.2
4.672,861.8
4.674,862.8
4.676,863.59
4.678,865.37
4.68,866.85
4.682,868.75
4.684,870.87
4.686,873.25
4.688,874.48
4.69,876.27
4.692,877.77
4.694,879.15
4.696,879.72
4.698,881.71
4.7,882.85
4.702,883.37
4.704,884.62
4.706,885.08
4.708,885.9
4.71,886.39
4.712,887.18
4.714,887.15
4.716,887.42
4.718,887.59
4.72,887.48
4.722,887.29
4.724,886.77
4.726,886.15
4.728,885.64
4.73,885.28
4.732,884.44
4.734,883.89
4.736,883.32
4.738,882.39
4.74,881.77
4.742,881.32
4.744,880.21
4.746,879.87
4.748,879.14
4.75,878.75
4.752,878.4
4.754,878.01
4.756,877.68
4.758,876.94
4.76,876.4
4.762,875.66
4.764,875.47
4.766,874.87
4.768,874.24
4.77,873.94
4.772,873.04
4.774,872.12
4.776,871.4
4.778,871.27
4.78,870.12
4.782,869.5
4.784,868.97
4.786,868.45
4.788,867.77
4.79,867.3
4.792,866.96
4.794,866.14
4.796,866.02
4.798,864.99
4.8,864.57
4.802,863.89
4.804,863.28
4.806,862.76
4.808,862.26
4.81,862.09
4.812,861.65
4.814,861.48
4.816,860.63
4.818,860.52
4.82,860.1
4.822,860.04
4.824,859.42
4.826,858.92
4.828,858.43
4.83,857.77
4.832,857.31
4.834,856.6
4.836,855.81
4.838,855.57
4.84,855.29
4.842,854.91
4.844,854.48
4.846,854.72
4.848,853.55
4.85,853.4
4.852,853.57
4.854,853.86
4.856,853.59
4.858,853.8
4.86,853.58
4.862,854.13
4.864,853.8
4.866,854.63
4.868,854.36
4.87,855.31
4.872,855.01
4.874,855.87
4.876,856.17
4.878,856.71
4.88,857.62
4.882,857.84
4.884,858.46
4.886,859.33
4.888,859.87
4.89,859.92
4.892,860.44
4.894,860.92
4.896,860.89
4.898,861.67
4.9,861.35
4.902,861.62
4.904,862.51
4.906,862.56
4.908,862.97
4.91,862.92
4.912,862.59
4.914,863.51
4.916,863.4
4.918,863.24
4.92,863.46
4.922,863.84
4.924,863.14
4.926,863.22
4.928,863.25
4.93,863.28
4.932,863.36
4.934,863.49
4.936,863.74
4.938,863.71
4.94,864.16
4.942,864.19
4.944,864.72
4.946,865.31
4.948,865.03
4.95,865.46
4.952,865.75
4.954,865.93
4.956,866.41
4.958,867.06
4.96,867.1
4.962,868.09
4.964,868.3
4.966,868.61
4.968,868.84
4.97,869.32
4.972,869.64
4.974,869.78
4.976,869.75
4.978,869.69
4.98,870.03
4.982,870.26
4.984,869.88
4.986,870.55
4.988,870.13
4.99,870.16
4.992,870.56
4.994,870.8
4.996,870.47
4.998,870.84
5,871.08
5.002,871.51
5.004,871.29
5.006,871.37
5.008,872.25
5.01,872.3
5.012,872.49
5.014,872.65
5.016,873.08
5.018,872.69
5.02,872.94
5.022,872.2
5.024,872.19
5.026,872.27
5.028,871.69
5.03,871.11
5.032,870.81
5.034,870.42
5.036,869.74
5.038,869.26
5.04,868.88
5.042,867.86
5.044,867.2
5.046,867
5.048,865.94
5.05,865.22
5.052,865.08
5.054,864.34
5.056,863.58
5.058,862.75
5.06,862.47
5.062,862.25
5.064,861.81
5.066,860.77
5.068,860.95
5.07,860.25
5.072,859.53
5.074,859.33
5.076,859.17
5.078,859.03
5.08,858.56
5.082,858.64
5.084,859.04
5.086,859.09
5.088,858.84
5.09,859.32
5.092,859.64
5.094,859.59
5.096,859.12
5.098,860.28
5.1,860.47
5.102,861.11
5.104,860.48
5.106,860.81
5.108,861.02
5.11,861.15
5.112,860.85
5.114,861.15
5.116,860.85
5.118,861.07
5.12,861.36
5.122,861.2
5.124,860.88
5.126,861.14
5.128,860.71
5.13,860.77
5.132,861.1
5.134,860.89
5.136,861.13
5.138,861.08
5.14,861.37
5.142,861.52
5.144,862.19
5.146,862.14
5.148,862.93
5.15,862.6
5.152,863.68
5.154,864.28
5.156,864.57
5.158,865.14
5.16,866.05
5.162,866.05
5.164,866.83
5.166,867.36
5.168,867.87
5.17,867.81
5.172,867.29
5.174,867.47
5.176,867.25
5.178,867.57
5.18,866.88
5.182,866.83
5.184,866.74
5.186,866.02
5.188,865.77
5.19,865.76
5.192,865.41
5.194,865.02
5.196,864.98
5.198,864.7
5.2,864.1
5.202,864.07
5.204,863.63
5.206,863.76
5.208,863.59
5.21,863.26
5.212,863.67
5.214,863.48
5.216,863.39
5.218,863.55
5.22,863.39
5.222,863.93
5.224,864.41
5.226,864.54
5.228,865.14
5.23,866.14
5.232,865.72
5.234,866.51
5.236,866.88
5.238,867.2
5.24,866.87
5.242,867.3
5.244,867.41
5.246,867.54
5.248,867.05
5.25,867.47
5.252,867.01
5.254,866.76
5.256,866.16
5.258,865.61
5.26,865.88
5.262,865.47
5.264,864.35
5.266,864.75
5.268,863.99
5.27,864.01
5.272,863.47
5.274,863.6
5.276,862.97
5.278,862.75
5.28,862.91
5.282,862.83
5.284,862.99
5.286,862.28
5.288,862.25
5.29,861.9
5.292,862.51
5.294,862.84
5.296,863.27
5.298,863.18
5.3,863.74
5.302,863.84
5.304,863.89
5.306,864.75
5.308,864.33
5.31,864.62
5.312,864.59
5.314,864.47
5.316,864.84
5.318,864.94
5.32,864.82
5.322,864.52
5.324,865.08
5.326,864.17
5.328,864.32
5.33,864.37
5.332,863.55
5.334,863.51
5.336,863.31
5.338,863.08
5.34,862.96
5.342,862.51
5.344,862.38
5.346,861.8
5.348,861.76
5.35,860.94
5.352,860.93
5.354,860.57
5.356,860.46
5.358,860.37
5.36,859.93
5.362,860.19
5.364,859.87
5.366,859.7
5.368,860.05
5.37,859.69
5.372,859.87
5.374,860.25
5.376,859.95
5.378,859.86
5.38,859.86
5.382,859.23
5.384,859.8
5.386,859.61
5.388,859.49
5.39,858.84
5.392,859.03
5.394,859.08
5.396,858.66
5.398,858.93
5.4,858.38
5.402,858.52
5.404,858.89
5.406,858.69
5.408,859.14
5.41,859.11
5.412,858.86
5.414,859.09
5.416,858.87
5.418,858.92
5.42,858.9
5.422,858.44
5.424,858.51
5.426,857.94
5.428,858.77
5.43,858.3
5.432,858.91
5.434,858.98
5.436,859
5.438,858.99
5.44,859.39
5.442,859.63
5.444,860.08
5.446,859.96
5.448,860.93
5.45,860.92
5.452,861.48
5.454,862.35
5.456,862.04
5.458,862.71
5.46,862.94
5.462,863.83
5.464,864.38
5.466,864.59
5.468,864.89
5.47,865.09
5.472,865.52
5.474,865.86
5.476,865.41
5.478,865.84
5.48,865.5
5.482,865.68
5.484,865.76
5.486,865.52
5.488,865.16
5.49,864.48
5.492,864.68
5.494,864.32
5.496,864.18
5.498,863.52
5.5,863.43
5.502,862.61
5.504,862.2
5.506,862.43
5.508,861.89
5.51,860.98
5.512,860.71
5.514,860.06
5.516,860.04
5.518,859.42
5.52,859.33
5.522,858.85
5.524,858.92
5.526,858.64
5.528,858.43
5.53,858.59
5.532,858.99
5.534,859.1
5.536,859.42
5.538,860.26
5.54,860.63
5.542,861.93
5.544,862
5.546,863.24
5.548,863.7
5.55,865.18
5.552,865.69
5.554,866.55
5.556,868.05
5.558,868.43
5.56,869.34
5.562,870.33
5.564,870.79
5.566,872.15
5.568,872.12
5.57,872.27
5.572,872.88
5.574,873.17
5.576,873.27
5.578,873.31
5.58,872.79
5.582,872.68
5.584,873.05
5.586,872.58
5.588,871.95
5.59,871.53
5.592,871.52
5.594,870.68
5.596,870.18
5.598,869.82
5.6,869.14
5.602,868.43
5.604,867.72
5.606,866.99
5.608,866.77
5.61,865.19
5.612,865.11
5.614,864.13
5.616,862.93
5.618,862.83
5.62,862.42
5.622,861.8
5.624,861.52
5.626,860.85
5.628,860.69
5.63,860.77
5.632,860.47
5.634,859.82
5.636,860.36
5.638,860.1
5.64,859.99
5.642,860.05
5.644,860.4
5.646,860.56
5.648,860.7
5.65,860.87
5.652,861.06
5.654,862.14
5.656,861.82
5.658,861.9
5.66,863.04
5.662,863.56
5.664,863.86
5.666,864.43
5.668,864.81
5.67,865.27
5.672,865.26
5.674,865.88
5.676,866
5.678,866.24
5.68,866.32
5.682,866.64
5.684,867.1
5.686,866.53
5.688,867.66
5.69,867.37
5.692,866.85
5.694,866.74
5.696,866.71
5.698,867.25
5.7,866.82
5.702,866.33
5.704,866.52
5.706,866.41
5.708,866.14
5.71,865.87
5.712,865.84
5.714,865.28
5.716,865.55
5.718,865.17
5.72,865.06
5.722,865.12
5.724,864.85
5.726,864.61
5.728,864.51
5.73,864.61
5.732,864.54
5.734,865.3
5.736,865.57
5.738,865.52
5.74,865.76
5.742,865.98
5.744,866.04
5.746,866.93
5.748,867.23
5.75,867.77
5.752,867.56
5.754,868.02
5.756,868.29
5.758,868.45
5.76,868.83
5.762,868.56
5.764,868.45
5.766,868.53
5.768,868.34
5.77,868.56
5.772,869.31
5.774,868.31
5.776,868.68
5.778,868.11
5.78,868.46
5.782,868.28
5.784,868.55
5.786,867.84
5.788,867.4
5.79,867.67
5.792,867.53
5.794,867.13
5.796,866.83
5.798,867.23
5.8,866.66
5.802,866.52
5.804,866.6
5.806,866.6
5.808,866.14
5.81,866.22
5.812,866.05
5.814,865.4
5.816,865.73
5.818,866.48
5.82,865.82
5.822,865.67
5.824,865.86
5.826,865.72
5.828,865.6
5.83,865.2
5.832,865.47
5.834,865.1
5.836,865.34
5.838,865.12
5.84,864.34
5.842,864.78
5.844,864.73
5.846,864.27
5.848,864.37
5.85,864.05
5.852,864.01
5.854,863.9
5.856,863.17
5.858,863.48
5.86,863.65
5.862,863.35
5.864,862.92
5.866,863.71
5.868,863.09
5.87,863.61
5.872,863.26
5.874,863.46
5.876,863.78
5.878,863.65
5.88,864.25
5.882,864.49
5.884,864.66
5.886,865.15
5.888,865.26
5.89,865.31
5.892,865.31
5.894,865.61
5.896,865.32
5.898,865.32
5.9,865.48
5.902,865.97
5.904,865.56
5.906,865.51
5.908,865.7
5.91,865.38
5.912,865.16
5.914,865.36
5.916,864.81
5.918,865.22
5.92,864.84
5.922,865.09
5.924,864.88
5.926,865.07
5.928,864.69
5.93,864.39
5.932,864.86
5.934,864.18
5.936,864.73
5.938,864.46
5.94,864.52
5.942,864.03
5.944,864.22
5.946,864.57
5.948,864.25
5.95,864.65
5.952,864.14
5.954,864.58
5.956,864.28
5.958,864.58
5.96,864.66
5.962,865.18
5.964,864.89
5.966,865.81
5.968,865.27
5.97,866.08
5.972,866.06
5.974,866.41
5.976,866.82
5.978,866.77
5.98,867.31
5.982,867.88
5.984,867.71
5.986,868.26
5.988,867.96
5.99,868.23
5.992,868.77
5.994,868.88
5.996,869.29
5.998,869.49
6,869.22
6.002,869.79
6.004,869.57
6.006,869.66
6.008,869.57
6.01,869.6
6.012,869.27
6.014,868.92
6.016,868.89
6.018,868.73
6.02,868.7
6.022,868.29
6.024,868.24
6.026,867.47
6.028,867.57
6.03,867.53
6.032,866.98
6.034,866.17
6.036,866.11
6.038,865.87
6.04,865.16
6.042,864.65
6.044,863.92
6.046,863.67
6.048,863.1
6.05,863.18
6.052,862.85
6.054,862.5
6.056,862.15
6.058,862.15
6.06,862.42
6.062,862.07
6.064,862.2
6.066,862.52
6.068,862.28
6.07,862.31
6.072,861.79
6.074,861.65
6.076,862.33
6.078,862.25
6.08,862.41
6.082,862.25
6.084,862.71
6.086,862.87
6.088,862.22
6.09,862.61
6.092,862.71
6.094,862.88
6.096,863.23
6.098,863.33
6.1,863.33
6.102,863.74
6.104,863.17
6.106,863.69
6.108,863.74
6.11,863.67
6.112,863.33
6.114,864.09
6.116,864.2
6.118,864.17
6.12,864.42
6.122,864.83
6.124,864.96
6.126,864.77
6.128,865.5
6.13,865.01
6.132,865.74
6.134,865.6
6.136,865.76
6.138,865.98
6.14,865.95
6.142,865.89
6.144,866.18
6.146,866.21
6.148,866.04
6.15,866.37
6.152,866.31
6.154,866.57
6.156,866.65
6.158,866.84
6.16,866.64
6.162,867.31
6.164,867.01
6.166,867.06
6.168,867.25
6.17,867.32
6.172,867.16
6.174,866.96
6.176,867.15
6.178,866.71
6.18,866.68
6.182,866.38
6.184,866.18
6.186,866.97
6.188,865.78
6.19,866.04
6.192,865.5
6.194,865.79
6.196,865.3
6.198,865.17
6.2,865.24
6.202,864.48
6.204,864.58
6.206,865.1
6.208,865.23
6.21,864.66
6.212,864.74
6.214,864.45
6.216,864.15
6.218,864.15
6.22,864.52
6.222,863.96
6.224,864.52
6.226,864.38
6.228,863.79
6.23,864.38
6.232,864.73
6.234,864.52
6.236,864.7
6.238,865.51
6.24,865.1
6.242,865.83
6.244,866.02
6.246,866.28
6.248,866.28
6.25,866.52
6.252,866.62
6.254,866.78
6.256,866.46
6.258,866.89
6.26,866.83
6.262,866.74
6.264,866.66
6.266,866.62
6.268,866.46
6.27,866.19
6.272,866.54
6.274,866.32
6.276,866.2
6.278,866.45
6.28,866.26
6.282,865.48
6.284,865.23
6.286,865.33
6.288,865.11
6.29,865.16
6.292,864.75
6.294,864.89
6.296,864.96
6.298,864.77
6.3,865.47
6.302,864.85
6.304,864.55
6.306,864.55
6.308,864.84
6.31,864.65
6.312,864.81
6.314,864.51
6.316,864.81
6.318,865.24
6.32,864.64
6.322,865.1
6.324,864.37
6.326,865.02
6.328,864.69
6.33,864.96
6.332,865.29
6.334,865.12
6.336,864.77
6.338,865.01
6.34,864.79
6.342,864.55
6.344,864.99
6.346,864.99
6.348,865.07
6.35,865.37
6.352,864.83
6.354,865.48
6.356,865.18
6.358,865.32
6.36,865.42
6.362,865.26
6.364,865.51
6.366,866.13
6.368,865.89
6.37,865.78
6.372,865.83
6.374,865.72
6.376,865.84
6.378,865.89
6.38,865.94
6.382,866.21
6.384,865.89
6.386,866.24
6.388,866.05
6.39,866.7
6.392,866.54
6.394,865.99
6.396,865.81
6.398,866.12
6.4,866.04
6.402,866.23
6.404,865.79
6.406,866.01
6.408,865.69
6.41,865.2
6.412,864.87
6.414,865.14
6.416,864.74
6.418,864.59
6.42,864.63
6.422,864.95
6.424,864.89
6.426,864.62
6.428,864.4
6.43,863.97
6.432,863.86
6.434,864.01
6.436,863.54
6.438,863.18
6.44,863.42
6.442,863.26
6.444,863.42
6.446,863.74
6.448,863.53
6.45,863.8
6.452,863.74
6.454,863.69
6.456,864.24
6.458,864.34
6.46,864.36
6.462,864.18
6.464,864.58
6.466,864.87
6.468,864.91
6.47,864.74
6.472,865.17
6.474,864.71
6.476,864.9
6.478,864.93
6.48,865.6
6.482,865.14
6.484,865.73
6.486,865.57
6.488,865.33
6.49,865.33
6.492,865.62
6.494,865.27
6.496,865.41
6.498,865.83
6.5,865.24
6.502,866.05
6.504,865.62
6.506,865.78
6.508,865.31
6.51,866.07
6.512,865.37
6.514,865.8
6.516,865.85
6.518,866.1
6.52,866.37
6.522,865.74
6.524,866.1
6.526,866.23
6.528,865.95
6.53,866.41
6.532,866.06
6.534,866.57
6.536,866.36
6.538,866.11
6.54,866.29
6.542,865.89
6.544,865.7
6.546,865.97
6.548,866.39
6.55,866.12
6.552,866.26
6.554,866.07
6.556,866.45
6.558,865.9
6.56,865.99
6.562,865.79
6.564,866.66
6.566,866.31
6.568,865.7
6.57,866.46
6.572,866.3
6.574,865.97
6.576,866.11
6.578,866.46
6.58,866.1
6.582,866.32
6.584,866.83
6.586,866.2
6.588,865.97
6.59,866.37
6.592,866.07
6.594,866.21
6.596,866.26
6.598,865.64
6.6,865.58
6.602,865.69
6.604,865.72
6.606,865.77
6.608,865.23
6.61,865.9
6.612,865.63
6.614,865.8
6.616,865.28
6.618,866.25
6.62,865.96
6.622,866.18
6.624,866.2
6.626,866.55
6.628,865.53
6.63,866.44
6.632,866.55
6.634,866.42
6.636,866.44
6.638,866.47
6.64,866.12
6.642,866.39
6.644,866.11
6.646,866.03
6.648,866.33
6.65,865.89
6.652,866.02
6.654,865.86
6.656,865.65
6.658,865.68
6.66,865.68
6.662,865.86
6.664,865.75
6.666,865.78
6.668,866.32
6.67,865.32
6.672,865.54
6.674,865.84
6.676,865.18
6.678,865.94
6.68,865.75
6.682,865.48
6.684,866.13
6.686,866.12
6.688,866.1
6.69,865.99
6.692,866.77
6.694,866.37
6.696,866.31
6.698,866.72
6.7,866.55
6.702,866.98
6.704,866.81
6.706,866.76
6.708,867.25
6.71,866.73
6.712,866.94
6.714,866.94
6.716,866.56
6.718,867.07
6.72,866.45
6.722,866.2
6.724,866.31
6.726,866.28
6.728,865.95
6.73,865.49
6.732,865.25
6.734,865.38
6.736,865.38
6.738,865.05
6.74,864.75
6.742,864.37
6.744,863.53
6.746,863.96
6.748,863.9
6.75,863.53
6.752,863.42
6.754,863.47
6.756,863.46
6.758,862.97
6.76,863.05
6.762,862.8
6.764,862.8
6.766,862.9
6.768,862.42
6.77,862.77
6.772,862.82
6.774,862.71
6.776,862.6
6.778,862.82
6.78,863.03
6.782,862.84
6.784,863.43
6.786,863.46
6.788,863.7
6.79,863.79
6.792,864.27
6.794,864.29
6.796,864.56
6.798,864.94
6.8,865.04
6.802,865.15
6.804,865.39
6.806,865.5
6.808,865.6
6.81,865.71
6.812,866.11
6.814,865.84
6.816,866.22
6.818,866.4
6.82,866.21
6.822,866.24
6.824,865.89
6.826,866.45
6.828,866.29
6.83,866.12
6.832,865.68
6.834,866.09
6.836,866.23
6.838,865.38
6.84,865.9
6.842,865.03
6.844,865.62
6.846,865.19
6.848,865.24
6.85,865.54
6.852,865.24
6.854,865.75
6.856,865.54
6.858,865.47
6.86,865.48
6.862,865.61
6.864,865.75
6.866,865.5
6.868,865.63
6.87,865.56
6.872,865.6
6.874,865.39
6.876,865.56
6.878,865.04
6.88,864.9
6.882,865.23
6.884,865.36
6.886,865.15
6.888,865.1
6.89,864.56
6.892,864.99
6.894,865.02
6.896,864.73
6.898,864.81
6.9,864.78
6.902,864.48
6.904,864.27
6.906,864.81
6.908,865.03
6.91,864.87
6.912,864.49
6.914,864.88
6.916,865.01
6.918,865.47
6.92,865.77
6.922,866.48
6.924,866.13
6.926,865.94
6.928,866.16
6.93,866.11
6.932,867.14
6.934,867.11
6.936,867.01
6.938,867.23
6.94,867.38
6.942,867.34
6.944,866.93
6.946,867.23
6.948,867.53
6.95,867.26
6.952,866.94
6.954,866.99
6.956,867.05
6.958,866.65
6.96,866.29
6.962,866.3
6.964,865.78
6.966,865.98
6.968,865.71
6.97,865.17
6.972,865.12
6.974,865.58
6.976,864.9
6.978,865.15
6.98,864.42
6.982,864.94
6.984,865.07
6.986,864.94
6.988,865.24
6.99,865.18
6.992,864.86
6.994,865.14
6.996,865.36
6.998,865.36
7,865.09
7.002,864.96
7.004,865.67
7.006,865.37
7.008,864.78
7.01,865.13
7.012,865.05
7.014,864.68
7.016,864.92
7.018,864.98
7.02,864.69
7.022,864.45
7.024,864.86
7.026,864.54
7.028,864.33
7.03,864.38
7.032,864.63
7.034,864.72
7.036,864.86
7.038,864.86
7.04,864.78
7.042,864.51
7.044,864.49
7.046,864.63
7.048,864.82
7.05,864.31
7.052,864.56
7.054,864.14
7.056,865.19
7.058,864.36
7.06,864.44
7.062,864.79
7.064,865.12
7.066,864.62
7.068,864.86
7.07,864.49
7.072,864.38
7.074,865.2
7.076,864.6
7.078,864.64
7.08,865.37
7.082,864.84
7.084,864.92
7.086,864.82
7.088,865.31
7.09,865.17
7.092,865.53
7.094,864.88
7.096,864.48
7.098,865.35
7.1,865.19
7.102,865.3
7.104,865.32
7.106,864.92
7.108,865.57
7.11,864.98
7.112,864.83
7.114,865.13
7.116,864.53
7.118,864.4
7.12,864.56
7.122,864.21
7.124,863.92
7.126,863.62
7.128,863.67
7.13,863.41
7.132,863.03
7.134,863.33
7.136,862.93
7.138,862.22
7.14,862.52
7.142,861.95
7.144,861.96
7.146,862.23
7.148,861.82
7.15,862.37
7.152,861.86
7.154,861.67
7.156,861.92
7.158,862.14
7.16,862.19
7.162,861.96
7.164,862.34
7.166,862.37
7.168,863.05
7.17,863.13
7.172,863.89
7.174,864.19
7.176,864.44
7.178,864.9
7.18,864.94
7.182,865.83
7.184,866.02
7.186,866.16
7.188,866.76
7.19,866.58
7.192,867.09
7.194,867.56
7.196,868.18
7.198,868.84
7.2,869.03
7.202,869.33
7.204,869.53
7.206,869.8
7.208,870.64
7.21,870.29
7.212,870.27
7.214,870.75
7.216,870.81
7.218,871.49
7.22,871.65
7.222,871.52
7.224,871.73
7.226,871.49
7.228,871.55
7.23,871.24
7.232,870.84
7.234,870.71
7.236,870.4
7.238,870.54
7.24,870.38
7.242,869.81
7.244,870
7.246,869.46
7.248,869.7
7.25,868.91
7.252,868.67
7.254,868.29
7.256,868.02
7.258,867.64
7.26,867.47
7.262,867.36
7.264,867.17
7.266,866.82
7.268,865.84
7.27,865.76
7.272,865.27
7.274,865.21
7.276,864.46
7.278,864.53
7.28,864.24
7.282,863.52
7.284,862.98
7.286,862.52
7.288,862.44
7.29,862.05
7.292,862.13
7.294,861.51
7.296,861.2
7.298,861.42
7.3,860.99
7.302,861.42
7.304,861.63
7.306,861.47
7.308,861.12
7.31,861.79
7.312,861.49
7.314,861.55
7.316,861.86
7.318,861.68
7.32,862.05
7.322,862.06
7.324,862.37
7.326,862.38
7.328,862.8
7.33,863.08
7.332,862.8
7.334,863.26
7.336,862.99
7.338,862.86
7.34,863.13
7.342,863.21
7.344,863.29
7.346,863.72
7.348,863.64
7.35,864.26
7.352,864.53
7.354,864.21
7.356,864.72
7.358,865.26
7.36,864.96
7.362,865.89
7.364,865.99
7.366,866.4
7.368,866.45
7.37,866.72
7.372,867.02
7.374,867.37
7.376,867.23
7.378,867.01
7.38,867.52
7.382,867.68
7.384,868.09
7.386,868.3
7.388,867.73
7.39,868.16
7.392,867.38
7.394,867.68
7.396,867.78
7.398,867.53
7.4,867.52
7.402,867.23
7.404,867.23
7.406,867.42
7.408,867.14
7.41,866.48
7.412,866.68
7.414,866.17
7.416,866
7.418,866.21
7.42,865.34
7.422,865.8
7.424,865.52
7.426,865.52
7.428,865.73
7.43,865.22
7.432,865.09
7.434,864.92
7.436,865.1
7.438,864.94
7.44,864.61
7.442,864.58
7.444,863.98
7.446,863.98
7.448,863.63
7.45,863.92
7.452,863.46
7.454,863.22
7.456,863.13
7.458,862.65
7.46,862.45
7.462,863.37
7.464,862.26
7.466,862.2
7.468,862.42
7.47,861.74
7.472,862.26
7.474,862.3
7.476,861.81
7.478,862.6
7.48,862.35
7.482,862.65
7.484,863.09
7.486,862.95
7.488,863.17
7.49,863.4
7.492,863.78
7.494,863.86
7.496,863.97
7.498,864.13
7.5,864.43
7.502,864.75
7.504,864.67
7.506,864.53
7.508,864.99
7.51,864.85
7.512,864.93
7.514,865.2
7.516,865.2
7.518,864.79
7.52,864.98
7.522,864.92
7.524,864.71
7.526,865.04
7.528,865.07
7.53,864.71
7.532,864.85
7.534,864.79
7.536,865.15
7.538,864.9
7.54,864.85
7.542,864.68
7.544,865.06
7.546,864.87
7.548,865.26
7.55,865.12
7.552,864.93
7.554,865.21
7.556,865.07
7.558,865.2
7.56,865.42
7.562,866.07
7.564,865.56
7.566,865.88
7.568,865.65
7.57,865.89
7.572,866.16
7.574,865.57
7.576,865.62
7.578,865.95
7.58,866.22
7.582,866.09
7.584,866.06
7.586,866.2
7.588,866.28
7.59,866.52
7.592,866.8
7.594,866.94
7.596,866.93
7.598,866.91
7.6,867.02
7.602,867.71
7.604,867.7
7.606,867.66
7.608,868.26
7.61,868.07
7.612,868.15
7.614,868.34
7.616,868.34
7.618,868.42
7.62,868.34
7.622,868.2
7.624,868.2
