PacketCounter,Time(ms),x,y,z,Gyr_X,Gyr_Y,Gyr_Z
0,59867.659,-0.731619537,9.705870638,7.12978363,-0.840210915,-0.256616205,3.075347424
1,59875.992,-0.735597849,9.665901193,7.150559425,-1.182801247,-0.377873987,2.907369375
2,59884.325,-0.710642576,9.640173921,7.139093399,-1.547266364,-0.572695911,2.572719574
3,59892.658,-0.697600901,9.660970697,7.122671604,-1.851204991,-0.609529197,2.168091297
4,59900.991,-0.713040888,9.646151075,7.153553963,-1.965239525,-0.614421427,1.892610431
5,59909.324,-0.74467814,9.649200449,7.1414361,-1.929123402,-0.692339957,1.756957173
6,59917.657,-0.750459492,9.683081159,7.123828411,-1.687478542,-0.927324891,1.837821245
7,59925.99,-0.805367947,9.702496538,7.141891479,-1.436049342,-0.980448782,1.889152169
8,59934.323,-0.819160879,9.696743498,7.175255299,-1.141741633,-0.564217627,1.825654507
9,59942.656,-0.776434839,9.715791235,7.194220543,-1.083776712,-0.289863497,1.662235975
10,59950.989,-0.773254395,9.711980829,7.221432686,-1.1763978,-0.049320202,1.356504202
11,59959.322,-0.771956265,9.742726335,7.266844749,-1.233645558,0.148127109,1.038657188
12,59967.655,-0.71176213,9.748291025,7.323783875,-1.517425656,0.334009618,0.705697775
13,59975.988,-0.653613269,9.744577894,7.313854694,-1.77753818,0.537975729,0.591304541
14,59984.321,-0.705043972,9.75909234,7.295208454,-2.075329304,0.568892181,0.463079721
15,59992.654,-0.764242411,9.756396303,7.306926727,-2.167924643,0.681133687,0.438874304
16,60000.987,-0.776672125,9.712268839,7.259007931,-1.969209552,0.883358061,0.19866401
17,60009.32,-0.811013877,9.645846376,7.238083839,-1.975869179,0.634464622,-0.322829038
18,60017.653,-0.841641545,9.603828916,7.207862377,-1.650210023,0.560900509,-0.801815271
19,60025.986,-0.838101268,9.641995439,7.203293324,-1.373217583,0.619275331,-1.111414313
20,60034.319,-0.803056836,9.64815856,7.198714256,-0.924020529,0.60623759,-1.149656415
21,60042.652,-0.809859157,9.67873002,7.208785534,-0.77617538,0.635335505,-0.895793855
22,60050.985,-0.799838066,9.698593149,7.253054142,-0.710590184,0.445918232,-0.642200172
23,60059.318,-0.784995914,9.658794889,7.224135399,-0.71575129,0.303195685,-0.384354353
24,60067.651,-0.755862355,9.546788702,7.218699455,-0.59247005,0.015803982,-0.299673736
25,60075.984,-0.765204012,9.433144102,7.21800518,-0.751892984,-0.622361839,-0.373954982
26,60084.317,-0.832826972,9.434245596,7.24053669,-0.819565833,-0.989132106,-0.471289098
27,60092.65,-0.858874679,9.506296167,7.238773823,-1.289868712,-1.258030176,-0.569340408
28,60100.983,-0.729474425,9.599033842,7.22635603,-1.830943823,-1.162566185,-0.711115241
29,60109.316,-0.669489443,9.674255857,7.213601112,-2.313849211,-1.483000159,-0.579432368
30,60117.649,-0.747493505,9.73257781,7.220168591,-2.407507181,-1.785312057,0.178748935
31,60125.982,-0.875983179,9.825517187,7.224648952,-2.041083097,-1.291559458,0.940477908
32,60134.315,-1.003992558,9.932257662,7.329298019,-1.967416644,-1.995003343,1.584803939
33,60142.648,-1.018409371,9.699804315,7.204955578,-0.515422404,-0.296600044,1.729857326
34,60150.981,-1.191890478,9.779967317,7.313183784,-0.0680186,-0.575692713,1.833441138
35,60159.314,-1.243576884,9.803305635,7.217195511,0.924443305,0.826853037,1.593000293
36,60167.647,-1.109553218,9.707005987,7.286933899,1.610828042,1.829087138,0.687972784
37,60175.98,-0.93236953,9.619721422,7.31678915,1.662005186,1.437240362,-0.320216358
38,60184.313,-0.800473213,9.602431307,7.302965164,1.272233605,0.471865505,-1.168457389
39,60192.646,-0.760479331,9.653252611,7.239862442,0.77620095,0.221985757,-1.929315209
40,60200.979,-0.743924797,9.728603849,7.192743301,0.274917603,-0.027189512,-2.280473709
41,60209.312,-0.754219472,9.792284498,7.136514664,-0.427232593,0.233524978,-2.262671709
42,60217.645,-0.782780111,9.814445982,7.124426842,-0.587987542,0.76486665,-1.995182395
43,60225.978,-0.801236093,9.752088079,7.10223484,-0.941848278,1.416390419,-1.507000804
44,60234.311,-0.842055321,9.696484098,7.078186035,-1.094739437,1.489057779,-0.969357848
45,60242.644,-0.854574084,9.641796598,7.037662983,-1.37011826,1.493002534,-0.680198789
46,60250.977,-0.876489282,9.616345892,7.064808369,-1.59631753,1.291649222,-0.60248524
47,60259.31,-0.91767025,9.600346098,7.045887947,-1.658611417,0.794143796,-0.771052599
48,60267.643,-0.938066423,9.627457628,7.009012222,-1.827332139,0.430088609,-0.965848744
49,60275.976,-0.961322486,9.644643793,7.018906116,-1.858018041,0.15591383,-1.186720252
50,60284.309,-0.957517028,9.642086515,7.055370808,-2.016519308,0.00199791,-1.289971471
51,60292.642,-0.92043519,9.669430265,7.028903008,-2.040314674,-0.055211488,-1.67164886
52,60300.975,-0.935205162,9.625880251,7.072849274,-1.881865025,-0.040739436,-1.989163041
53,60309.308,-0.896142066,9.648108015,7.040789127,-1.9914428,-0.341091961,-2.153273582
54,60317.641,-0.856580555,9.650469312,7.009850979,-2.155655861,-0.375517547,-2.119411469
55,60325.974,-0.778192639,9.686907301,6.980470181,-2.117490292,-0.218886435,-1.640783787
56,60334.307,-0.831724226,9.626832494,7.018124104,-2.130886555,-0.382894367,-0.9724828
57,60342.64,-0.944374084,9.607058534,7.042211056,-1.754690289,-0.381997854,-0.403411388
58,60350.973,-0.973873854,9.575256834,7.057080746,-1.514044404,-0.689086914,0.011270263
59,60359.306,-0.985854864,9.523956785,7.070270538,-1.318684936,-0.852941275,0.171820283
60,60367.639,-0.95452565,9.540880213,7.091808319,-1.119124293,-0.948635995,-0.088253848
61,60375.972,-0.926085711,9.564119825,7.110476494,-1.116921544,-1.122659206,-0.318116009
62,60384.305,-0.908217549,9.591708669,7.127013683,-0.901095986,-1.110466719,-0.558889806
63,60392.638,-0.852912486,9.617430696,7.159932137,-0.736652553,-1.191433191,-0.653508782
64,60400.971,-0.799811661,9.644846925,7.176815033,-0.891311288,-1.336512327,-0.677765429
65,60409.304,-0.783034265,9.711857805,7.173573971,-0.935265481,-1.526057839,-0.539499819
66,60417.637,-0.795881808,9.665389547,7.165155888,-0.91705364,-1.59900701,-0.704224944
67,60425.97,-0.805223286,9.591810236,7.140942097,-0.773255289,-1.921951056,-0.815621257
68,60434.303,-0.838952959,9.591252813,7.111768246,-0.590805173,-2.133320093,-1.047763228
69,60442.636,-0.845396638,9.573145876,7.112786293,-0.781042039,-2.339745045,-1.29716897
70,60450.969,-0.801687121,9.719979295,7.115954399,-0.919051588,-2.422479153,-2.338080406
71,60459.302,-0.793171823,9.586769113,7.156386375,-0.546364367,-0.891618669,-2.923468113
72,60467.635,-0.708924949,9.700373182,7.231938839,-1.462303877,-1.952381015,-2.699753046
73,60475.968,-0.631664217,9.87600089,7.161905766,-2.122818232,-1.889139414,-2.936966419
74,60484.301,-0.649505794,9.854212293,7.232897758,-2.425296545,-1.106675982,-2.818039656
75,60492.634,-0.755760133,9.816494474,7.285095692,-2.616250515,-1.41002512,-2.488256216
76,60500.967,-0.895263493,9.774646291,7.279427528,-2.509797812,-1.175552368,-1.962473035
77,60509.3,-0.916999996,9.656677732,7.289257526,-2.466868401,-0.643698514,-1.957017183
78,60517.633,-0.957799196,9.604937563,7.297222137,-2.214081764,-0.710398078,-2.079350948
79,60525.966,-0.947260201,9.602578649,7.282161236,-2.133678436,-0.485991716,-2.961607456
80,60534.299,-1.083857656,10.26105834,7.419635296,-2.304244041,-2.216899395,-3.946526527
81,60542.632,-0.896992505,9.990321169,6.904270649,-0.676894665,4.009780884,-3.758389711
82,60550.965,-0.761805892,8.762557516,7.536108017,-1.101220012,3.83398962,-4.12021637
83,60559.298,-0.768908441,9.578663358,7.341693878,-1.437560678,-3.06129837,-3.649503708
84,60567.631,-0.763663948,9.826586733,7.263604164,-1.429415226,-0.697616518,-2.88053894
85,60575.964,-0.792751968,9.768207559,7.369570255,-1.687094331,-0.938364685,-1.986575961
86,60584.297,-0.860828757,9.781502733,7.335660458,-1.809581637,-0.788418889,-1.160030127
87,60592.63,-0.863599479,9.747581491,7.299762249,-2.174610138,-0.728123128,-0.473261476
88,60600.963,-0.872819901,9.714672575,7.251740932,-2.221893787,-0.616214454,0.021925785
89,60609.296,-0.901462734,9.736584196,7.243558407,-2.237825871,-0.586373806,0.469457686
90,60617.629,-0.963303804,9.757010469,7.246366024,-2.206218004,-0.571363926,0.286034167
91,60625.962,-0.959637523,9.744693289,7.233922958,-2.026021957,-0.512835383,-0.115737915
92,60634.295,-0.926223874,9.746684084,7.222097397,-1.690347314,-0.470085204,-0.898713827
93,60642.628,-0.876090169,9.811078558,7.202762604,-1.341917038,-0.168477625,-1.552312255
94,60650.961,-0.833624423,9.88061429,7.21216774,-1.301267147,0.449017495,-2.371250391
95,60659.294,-0.765064061,9.80856658,7.282725811,-1.061159372,0.51843214,-2.554802179
96,60667.627,-0.720515072,9.861337671,7.210953712,-0.988056362,0.040368039,-2.357496023
97,60675.96,-0.669302523,9.857257852,7.148549557,-1.127628326,0.235113069,-2.189159155
98,60684.293,-0.669870138,9.846602926,7.10478735,-1.067819118,0.730236232,-2.131552696
99,60692.626,-0.769048929,9.822488317,7.051011086,-1.283644676,0.891810894,-2.319971085
100,60700.959,-0.816253603,9.773467073,6.999530315,-1.16630578,0.883537471,-2.528035641
101,60709.292,-0.819458067,9.79444314,6.949132442,-0.803121626,1.108404875,-3.067087412
102,60717.625,-0.842306912,9.753354082,6.928347111,-0.539166808,1.335295558,-3.87570262
103,60725.958,-0.806860924,9.774541387,6.985534191,-0.641982377,1.409679413,-4.648971081
104,60734.291,-0.715569377,9.803127775,6.984476566,-0.178697735,2.824533224,-4.826964378
105,60742.624,-0.700320542,9.720239649,7.12827158,-0.59013921,1.772735715,-5.907090664
106,60750.957,-0.682751536,9.797477731,7.077474117,-0.691110492,0.695324063,-5.899842262
107,60759.29,-0.677095234,9.781274328,7.083652496,-0.853530347,0.703264415,-5.493395329
108,60767.623,-0.659112215,9.747323999,7.096430302,-1.126577973,0.144950956,-4.951833248
109,60775.956,-0.665107906,9.793366441,7.099512577,-0.984623969,0.296510369,-4.014352322
110,60784.289,-0.597216845,9.725705633,7.208982944,-1.751795888,0.761536777,-3.089422464
111,60792.622,-0.642949402,9.595572481,7.118309498,-1.228138566,0.786613166,-2.678186178
112,60800.955,-0.699060082,9.607911596,7.153623581,-0.819565952,0.218822435,-2.298301458
113,60809.288,-0.732937515,9.636449346,7.139424324,0.08368171,0.016674869,-1.663119435
114,60817.621,-0.760397255,9.633581171,7.174823761,0.747295201,-0.169169202,-0.910675645
115,60825.954,-0.761620402,9.682971487,7.196761608,1.36334312,-0.385225266,-0.380128026
116,60834.287,-0.744016349,9.696604261,7.223201752,1.807058692,-0.540319502,0.07356409
117,60842.62,-0.783874929,9.723371515,7.228367805,1.83923018,-0.417960286,-0.034592029
118,60850.953,-0.816661596,9.696039686,7.251567364,1.557934642,-0.120476559,-0.20623301
119,60859.286,-0.795431912,9.681390772,7.27756691,0.789840579,0.373890966,-0.71052599
120,60867.619,-0.754802883,9.658967981,7.276247978,-0.62272048,0.946599662,-1.264126539
121,60875.952,-0.603261948,9.604780683,7.278380871,-2.071000576,1.297591567,-1.982861996
122,60884.285,-0.572411954,9.615666399,7.24271059,-3.233169079,1.083456397,-2.206781387
123,60892.618,-0.584275544,9.640159616,7.154060364,-3.954876423,1.085992455,-2.316461802
124,60900.951,-0.721651316,9.602644453,7.151991367,-3.753215551,1.068420887,-1.964778423
125,60909.284,-0.898240447,9.584415445,7.134079933,-2.808434725,0.73469317,-1.373166323
126,60917.617,-0.988572836,9.582110414,7.115276814,-1.759019136,0.416641116,-0.624103606
127,60925.95,-0.94545579,9.577073583,7.094939709,-0.836163878,0.378578365,0.031018838
128,60934.283,-0.855623066,9.583132276,7.1022439,0.149459049,0.514026463,0.544174433
129,60942.616,-0.790725648,9.548991689,7.11318779,0.604521453,0.464206755,0.654904723
130,60950.949,-0.774309576,9.563197145,7.144037724,0.909228504,0.001101412,0.478345782
131,60959.282,-0.828349292,9.590599546,7.149652958,1.027591825,-0.450669646,0.108783647
132,60967.615,-0.883841038,9.622100839,7.127207279,0.98379153,-0.430921078,-0.531841159
133,60975.948,-0.862247705,9.601192007,7.124960423,0.595735848,-0.591240525,-1.655358315
134,60984.281,-0.820684254,9.590073118,7.11289835,0.258191466,-0.392960757,-2.969291687
135,60992.614,-0.714864016,9.573379526,7.099946976,-0.533326864,-0.256206393,-4.241166592
136,61000.947,-0.644303977,9.554627428,7.133038521,-1.052450418,-0.310149968,-4.966253757
137,61009.28,-0.603531957,9.580598364,7.152651787,-1.343248963,-0.597131789,-4.872787476
138,61017.613,-0.658438265,9.632481584,7.16209507,-1.207749724,-0.945972145,-4.426819324
139,61025.946,-0.731067538,9.719120035,7.162688732,-1.314688921,-1.403083682,-3.409420729
140,61034.279,-0.751758993,9.701625833,7.146981239,-1.252062321,-1.543885231,-2.552036047
141,61042.612,-0.746465564,9.67729474,7.120007515,-1.16617775,-1.47582829,-1.495192647
142,61050.945,-0.737597883,9.638463506,7.109908104,-1.2896384,-1.399907708,-0.892412841
143,61059.278,-0.759869039,9.603816995,7.11594677,-1.129216313,-1.302163601,-0.609068096
144,61067.611,-0.787693381,9.58366538,7.141522884,-1.257723093,-1.278009534,-0.830451965
145,61075.944,-0.796497583,9.609410772,7.154420853,-1.503465891,-1.383770585,-1.55318296
146,61084.277,-0.752358139,9.684607038,7.205509186,-1.905763268,-1.194404602,-2.226197243
147,61092.61,-0.694506884,9.725319395,7.269461632,-2.503778458,-1.165460467,-2.92720747
148,61100.943,-0.659783542,9.797096739,7.305907249,-2.973902702,-1.139077902,-3.559930325
149,61109.276,-0.612573028,9.840723047,7.216700554,-3.560493708,-0.886265278,-3.805929661
150,61117.609,-0.617264211,9.827442178,7.26663208,-3.518653393,-0.353271514,-3.361074686
151,61125.942,-0.721446216,9.781896124,7.30457592,-3.465836287,-0.346201986,-2.325593233
152,61134.275,-0.792021096,9.780429373,7.257091045,-2.785944939,-0.501052797,-1.109314084
153,61142.608,-0.86478579,9.734608183,7.234890938,-2.050790787,-0.401413471,-0.207539335
154,61150.941,-0.931686401,9.71545268,7.235322475,-1.200833678,-0.427744895,0.340054572
155,61159.274,-0.96501863,9.728070268,7.259384632,-0.707836628,-0.456023067,0.477295697
156,61167.607,-0.974281609,9.741388807,7.248991489,-0.38870883,-0.112382457,0.220922768
157,61175.94,-0.932873785,9.757790098,7.253812313,-0.565754414,-0.078571662,-0.359918386
158,61184.273,-0.823463917,9.746452818,7.298610687,-0.914415359,-0.023219302,-0.855835557
159,61192.606,-0.73826015,9.737865457,7.295217037,-1.664937973,0.115264058,-1.407924771
160,61200.939,-0.648599088,9.757912645,7.285531044,-2.31874156,0.19008325,-1.695086002
161,61209.272,-0.6648736,9.813486109,7.272650242,-3.059326172,0.564512134,-1.744572878
162,61217.605,-0.697855949,9.875748644,7.217472076,-3.028153181,1.840587616,-0.976990938
163,61225.938,-0.770243108,9.777192602,7.265459538,-3.621455669,1.406042099,-0.973994076
164,61234.271,-0.77745229,9.789631853,7.218343258,-3.473354578,0.459621847,-0.747871637
165,61242.604,-0.861331522,9.769049654,7.146127701,-2.414410353,1.354327083,-0.277491838
166,61250.937,-0.946136177,9.730956564,7.169001579,-1.587787986,1.458986759,-0.096527241
167,61259.27,-0.994657218,9.755427847,7.147787571,-0.736755013,1.596611977,-0.056415342
168,61267.603,-0.921632767,9.772559652,7.097680092,0.042468403,2.471389771,0.364618659
169,61275.936,-0.927502394,9.727762232,7.129133701,0.453935504,3.313457727,0.597913146
170,61284.269,-0.876062334,9.683803568,7.152466774,0.571171701,3.893824339,0.601396501
171,61292.602,-0.805813015,9.716462145,7.248911381,0.201558411,4.009447575,0.211957783
172,61300.935,-0.757739365,9.754233846,7.285709858,-0.580738842,4.20800972,-0.092864424
173,61309.268,-0.762151957,9.92861844,7.264811993,-1.361230135,4.422297955,0.089009479
174,61317.601,-0.699684441,9.585291395,7.362280369,-1.890266418,5.819221497,-0.453538448
175,61325.934,-0.721805394,9.764594564,7.393416405,-2.231512308,5.200368881,-1.498227835
176,61334.267,-0.711931109,9.874691972,7.305382729,-2.036396027,5.669353485,-1.792445898
177,61342.6,-0.776888609,9.839370737,7.382016659,-1.502133965,6.035917282,-2.076942921
178,61350.933,-0.864451587,9.810791025,7.411806107,-0.500284433,5.402297974,-2.169461489
179,61359.266,-0.903651476,9.81240035,7.42300415,0.661052108,4.457030773,-2.309827566
180,61367.599,-0.880373895,9.800806055,7.451034069,1.741870642,3.385946035,-2.486822128
181,61375.932,-0.801125586,9.787498483,7.451942444,2.442291975,2.693618774,-2.770397186
182,61384.265,-0.716758907,9.764231691,7.422680378,2.658219814,1.964868069,-3.147797823
183,61392.598,-0.711935759,9.776712904,7.354372025,2.535552979,2.097703457,-3.51884532
184,61400.931,-0.658254206,9.71521903,7.394432068,2.027443647,2.423747301,-3.556267738
185,61409.264,-0.630399346,9.703441629,7.376936436,1.295516729,1.7865417,-3.724681377
186,61417.597,-0.618555844,9.72162486,7.290688515,0.949980736,1.642794609,-3.66113162
187,61425.93,-0.619248927,9.710181246,7.209622383,0.664612412,1.586852908,-3.392950773
188,61434.263,-0.688228786,9.687106619,7.160072803,1.105075121,1.39392674,-2.946982145
189,61442.596,-0.756775916,9.643289098,7.109408379,1.885130763,1.58995235,-2.025688887
190,61450.929,-0.756578982,9.571253786,7.176504135,2.172625065,0.127891883,-1.423319101
191,61459.262,-0.712637365,9.582850942,7.042892933,2.621155739,-0.221063629,-0.612218618
192,61467.595,-0.714007616,9.566188345,7.050468922,3.131237984,0.691686809,-0.360840559
193,61475.928,-0.730190039,9.514950762,7.050107479,3.036772251,0.460159719,-0.499746531
194,61484.261,-0.604832172,9.579400072,7.052867889,2.469494343,0.711332917,-0.811907291
195,61492.594,-0.494928658,9.60807229,7.096312523,1.549430609,1.316981554,-1.146480322
196,61500.927,-0.465082973,9.582102308,7.133759975,0.589024961,1.452967644,-1.375702143
197,61509.26,-0.463014811,9.57047225,7.148376942,-0.380947709,1.784927964,-1.323244214
198,61517.593,-0.488138646,9.533759603,7.170172691,-1.331901789,1.882646203,-1.431259274
199,61525.926,-0.524895906,9.513329038,7.212688923,-1.8703897,1.703244328,-1.642704964
200,61534.259,-0.621358395,9.507659445,7.24902153,-2.172945261,1.301049471,-1.648314476
201,61542.592,-0.69883728,9.528410444,7.252492905,-2.178426504,1.156866789,-1.903201699
202,61550.925,-0.75251919,9.546812067,7.251849174,-1.910655379,1.449074149,-1.744726419
203,61559.258,-0.744840562,9.549038419,7.274399281,-1.458871484,1.531449437,-1.453953624
204,61567.591,-0.788052619,9.554308424,7.32223177,-1.274577022,1.309220433,-1.418862104
205,61575.924,-0.78001678,9.558471212,7.327095985,-1.096993566,1.490799665,-1.412279129
206,61584.257,-0.787971437,9.443489084,7.290266514,-0.274315655,2.228745937,-1.510945201
207,61592.59,-0.769267738,9.515192041,7.380161285,-0.468881398,1.877805352,-1.343607545
208,61600.923,-0.804139078,9.439282903,7.322597504,0.125625014,2.211315393,-1.856852651
209,61609.256,-0.736112356,9.481638441,7.327719212,0.165813759,2.116132736,-2.303308964
210,61617.589,-0.712226689,9.457731256,7.326381683,0.018186107,2.007157087,-2.22279048
211,61625.922,-0.662345111,9.498525629,7.31298399,-0.261380464,1.83444047,-1.80809629
212,61634.255,-0.657505155,9.532740125,7.311110497,-0.507597327,2.159933329,-1.113194585
213,61642.588,-0.702215135,9.542348871,7.315771103,-0.762522936,2.132179976,-0.410839528
214,61650.921,-0.706103742,9.529287348,7.332444668,-0.86928302,1.932798624,0.496173322
215,61659.254,-0.75817585,9.518859873,7.332439899,-0.912033379,2.068989992,1.107636452
216,61667.587,-0.788753986,9.473549852,7.332376003,-0.845154524,1.959540367,1.49482131
217,61675.92,-0.827845037,9.451767931,7.348142147,-0.622208178,2.083384991,1.551402926
218,61684.253,-0.830975831,9.43750287,7.373065472,-0.259997308,1.810875058,1.306812882
219,61692.586,-0.819407761,9.451894769,7.366383076,0.275199324,1.613491893,1.087452412
220,61700.919,-0.80683434,9.464499483,7.42668581,0.576076925,1.24399364,0.971406996
221,61709.252,-0.720391452,9.534084806,7.424114704,0.669850647,0.729250073,0.813162327
222,61717.585,-0.643591344,9.530622968,7.397570133,0.59135586,0.526756763,0.882820249
223,61725.918,-0.598585665,9.523742208,7.375439644,0.451681376,0.419509917,0.805285871
224,61734.251,-0.60948658,9.512462148,7.338852406,0.250763357,0.906846344,0.931512833
225,61742.584,-0.642332256,9.471950063,7.341881275,0.26040709,1.36735189,1.114513755
226,61750.917,-0.674082279,9.443449506,7.269342422,0.339388609,1.404044271,1.288600802
227,61759.25,-0.723332107,9.362517843,7.282320023,0.450733691,1.596893787,1.176846027
228,61767.583,-0.707981229,9.316774378,7.279920578,0.421610355,1.307401776,0.841837406
229,61775.916,-0.698675752,9.351373682,7.32270956,0.425734192,0.799855649,0.648706079
230,61784.249,-0.648869812,9.387228975,7.33551836,0.137625292,0.469816267,0.278426707
231,61792.582,-0.657932818,9.492577085,7.375861645,-0.009976745,0.438899904,-0.144963756
232,61800.915,-0.652181923,9.527797708,7.387406349,-0.294294745,0.148588166,-0.725126207
233,61809.248,-0.646402419,9.581872949,7.364839077,-0.384520859,0.017123116,-1.346540332
234,61817.581,-0.718573987,9.597178945,7.367529392,-0.487515688,-0.218182072,-2.03064537
235,61825.914,-0.784704328,10.29032899,7.285192013,-1.638529897,-0.193144128,-1.777896762
236,61834.247,-0.579883933,9.49306489,7.197787285,-1.329468489,5.753623486,-4.196726322
237,61842.58,-0.443765193,8.666034708,7.549774647,-1.625850797,3.782146931,-4.582040787
238,61850.913,-0.458411366,9.392694483,7.364908695,-2.69852376,-0.71567452,-5.560581207
239,61859.246,-0.475149244,9.588058958,7.29579401,-3.655343056,1.349050403,-5.398699284
240,61867.579,-0.549279928,9.680740366,7.30487299,-4.429815292,2.185431957,-4.605682373
241,61875.912,-0.542718172,9.370219717,7.255721569,-4.509091854,3.272859335,-4.71756649
242,61884.245,-0.551089764,9.528162965,7.377114296,-5.287547112,3.268095255,-4.938271523
243,61892.578,-0.581944346,9.834938535,7.263762951,-5.512785912,3.292838335,-3.997088671
244,61900.911,-0.619771779,9.406095991,7.19173193,-4.806755543,5.516922951,-3.53203702
245,61909.244,-0.737451732,9.246009836,7.370669842,-4.812286854,4.425422668,-3.854084015
246,61917.577,-0.762676835,9.344852934,7.323595524,-4.001442909,3.780635357,-3.480807781
247,61925.91,-0.728896439,9.306101808,7.366850376,-3.676013947,2.87632513,-3.227944136
248,61934.243,-0.716497779,9.454674253,7.321921349,-2.967806339,1.861053705,-3.039141893
249,61942.576,-0.771413028,9.458370218,7.342204094,-2.670399189,2.046500683,-2.878924847
250,61950.909,-0.730820894,9.458902368,7.384713173,-2.560309172,1.949627161,-2.591558695
251,61959.242,-0.659485221,9.506590376,7.397857189,-2.7988801,1.976291776,-2.28510952
252,61967.575,-0.649019718,9.542450914,7.423532963,-2.945880175,2.051264524,-1.811989188
253,61975.908,-0.702414751,9.509263048,7.41132021,-3.051001072,2.254001379,-1.079140425
254,61984.241,-0.772526622,9.493246088,7.405986786,-2.775136232,2.065557718,-0.570365012
255,61992.574,-0.837449908,9.430512914,7.422128201,-2.60818243,2.031874895,-0.112126306
256,62000.907,-0.877724588,9.408336649,7.441435337,-2.148714066,1.980287671,0.263416767
257,62009.24,-0.858920693,9.410124788,7.461203575,-1.804484606,1.776834011,0.228171617
258,62017.573,-0.836583674,9.411888132,7.445202351,-1.667358637,1.88319695,0.163098618
259,62025.906,-0.763666511,9.468261251,7.436674595,-1.274346471,1.853394747,0.221614346
260,62034.239,-0.822629035,9.39910985,7.455342293,-1.191996932,1.743561029,0.026331436
261,62042.572,-0.787001908,9.427300462,7.460986137,-0.875584185,1.80390799,-0.251237214
262,62050.905,-0.745414078,9.487047205,7.529742718,-0.485914826,1.820019364,-0.399364352
263,62059.238,-0.714390218,9.484436998,7.541835785,-0.17103906,1.621919036,-0.350492388
264,62067.571,-0.630687594,9.504415045,7.545541286,-0.075088128,1.589107037,-0.111947015
265,62075.904,-0.601959229,9.527957926,7.506987572,0.005276532,1.660135388,0.298149675
266,62084.237,-0.64167732,9.520141611,7.535885811,0.255168974,1.98502636,0.697885394
267,62092.57,-0.659217477,9.548767099,7.574761868,0.152327836,1.828805208,1.213961005
268,62100.903,-0.631298304,9.541784773,7.551486015,0.276300728,1.664515257,1.64282012
269,62109.236,-0.592315912,9.505233774,7.538719177,0.13465403,1.627605319,1.852677464
270,62117.569,-0.653681219,9.478256235,7.500931263,0.249943733,1.757136583,1.949371219
271,62125.902,-0.643531024,9.447846899,7.490215302,0.471225113,1.698070049,1.84430182
272,62134.235,-0.584207296,9.377782354,7.557990074,0.365592003,1.73587656,1.281761885
273,62142.568,-0.538322985,9.475467691,7.487073898,0.029610058,0.994395912,0.798882425
274,62150.901,-0.497923702,9.576744566,7.407691479,0.420841873,0.853594363,0.403168052
275,62159.234,-0.513617039,9.632443914,7.431789398,1.096827269,1.247464538,-0.047168616
276,62167.567,-0.583416045,9.676767359,7.448842049,1.751450062,1.678603292,-0.965874374
277,62175.9,-0.552226186,9.99200345,7.633237362,2.351386786,-0.256897956,-1.303930998
278,62184.233,-0.751823902,10.21878911,7.288683891,2.552816868,2.365833282,-2.089775801
279,62192.566,-0.641563654,9.412863264,7.459135056,3.639372826,6.903010368,-2.366972923
280,62200.899,-0.583811522,9.419485578,7.697818279,4.252808094,3.123297215,-2.03416729
281,62209.232,-0.696911395,10.0402918,7.607169628,4.568811417,1.417184591,-1.240484595
282,62217.565,-0.771653414,10.42466165,7.626371861,4.926027298,1.717716455,-0.861368358
283,62225.898,-0.831170261,10.89350844,7.457394123,5.196820736,3.812345743,-1.570447206
284,62234.231,-0.727294803,9.79689456,7.51367712,5.741021156,8.180135727,-0.505356073
285,62242.564,-0.669453025,9.914873609,7.719095707,5.474146843,4.744499207,0.942373395
286,62250.897,-0.618409276,10.26904679,7.482906818,4.728541374,4.012700558,2.618773699
287,62259.23,-0.649462998,10.68510915,7.339406013,4.256574154,5.355220318,4.210980892
288,62267.563,-0.693051934,10.72788669,7.22474432,4.029734135,8.369606018,4.773776531
289,62275.896,-0.82544744,10.51266623,7.231750488,4.853308678,9.628699303,4.857586384
290,62284.229,-1.016961694,10.54383183,7.086811543,5.865148067,8.187437057,4.588995934
291,62292.562,-1.233471036,10.62292529,6.880496979,7.128109455,8.0198946,3.149270296
292,62300.895,-1.2367208,10.77840329,6.827850342,7.909881592,8.862654686,1.250051737
293,62309.228,-1.127015233,10.76859952,6.76106739,8.193149567,7.819617271,-0.476386398
294,62317.561,-1.010434628,10.82881976,6.623469353,9.140159607,6.459681034,-1.92125988
295,62325.894,-0.99916172,11.06916238,6.594671249,9.98025322,4.844317913,-3.722273827
296,62334.227,-1.026714444,11.18628503,6.792128563,9.952308655,1.691564202,-5.239686489
297,62342.56,-0.993398666,11.42755795,7.043031216,9.940886497,-5.841546059,-6.304932594
298,62350.893,-1.064988375,11.73806382,7.269111633,7.629356384,-18.63348007,-7.586567879
299,62359.226,-1.15826714,12.01468659,7.370204449,3.854074717,-32.4394722,-7.807955742
300,62367.559,-1.107853174,12.26608849,7.46805191,0.222588062,-42.95556259,-7.629429817
301,62375.892,-0.824716151,12.39386655,7.712069035,-3.523055315,-55.41379547,-8.367488861
302,62384.225,-0.812059224,12.68425847,7.813615322,-6.071252823,-67.20451355,-10.37848377
303,62392.558,-1.070626378,13.14866925,8.151924133,-8.09958744,-78.92288208,-13.04774666
304,62400.891,-1.408340931,13.9805441,8.45370388,-9.315311432,-88.78073883,-15.05770588
305,62409.224,-1.622412205,15.16049958,9.001730919,-10.99078846,-96.16725922,-13.71221924
306,62417.557,-1.244322896,16.72334195,9.543960571,-13.17386818,-101.7099838,-9.316764832
307,62425.89,0.041419059,18.45829679,10.25801277,-16.2597599,-105.3653946,-4.919531822
308,62434.223,2.243616581,19.96082498,11.02038574,-20.5031662,-106.5511551,-4.513313293
309,62442.556,3.500504732,20.57957269,11.47390461,-26.94823265,-104.468338,-5.77674818
310,62450.889,2.106251478,20.55211068,11.9548111,-32.88819122,-99.47557831,-9.397096634
311,62459.222,0.199527293,20.72087098,12.32205486,-37.15302658,-96.93843842,-13.40486717
312,62467.555,-1.998064995,21.74730874,12.63245869,-38.93349838,-97.85660553,-13.77164268
313,62475.888,-5.088696957,23.04372979,12.576478,-40.50177765,-100.4040833,-13.32417679
314,62484.221,-8.34773922,22.62925721,12.7124567,-40.10100555,-104.6995773,-12.0483923
315,62492.554,-8.90132618,22.6890278,12.5423193,-39.78255844,-109.965889,-10.96754837
316,62500.887,-7.744865894,22.75832559,12.37008858,-38.66704178,-114.278801,-11.17093372
317,62509.22,-6.605391026,23.20279885,12.01541805,-39.09369278,-117.646431,-13.43484974
318,62517.553,-6.666009903,25.31785775,11.20130253,-35.42550278,-121.7727814,-15.96494102
319,62525.886,-4.252808094,27.4232235,10.1856966,-30.74148369,-124.8174362,-22.2933979
320,62534.219,-2.539979935,28.98527146,8.959149361,-24.82844353,-129.0597839,-30.2121067
321,62542.552,-0.835936606,30.30859567,7.955182076,-19.40059471,-132.3557281,-31.84494209
322,62550.885,-0.011309774,31.45952989,7.211843967,-15.51479721,-133.4478455,-22.68024063
323,62559.218,1.316313982,31.7429638,7.145507336,-14.35267067,-127.3577881,-5.752951622
324,62567.551,2.00801301,29.72789575,8.99971962,-17.14647865,-111.4844513,9.783981323
325,62575.884,2.053081036,26.68649102,11.83627129,-15.22421837,-90.55625916,18.9614048
326,62584.217,2.945494175,26.13814927,13.90081978,-10.58832741,-80.8019104,30.51873016
327,62592.55,4.364625931,19.17600823,13.69868088,-3.581643343,-90.96819305,37.03638458
328,62600.883,6.991929531,7.98279334,13.12679958,-1.068931341,-102.3188782,33.14574814
329,62609.216,5.17151165,2.613939295,17.20599174,-11.02459526,-109.0404434,32.080616
330,62617.549,-0.906135201,-3.877778521,25.41256523,2.236328363,-70.45913696,43.85702133
331,62625.882,-4.267353535,-8.163308134,30.82146454,51.81990433,6.509853363,56.13103104
332,62634.215,-5.024466991,-12.79700088,27.27939987,72.17127228,24.99410057,58.01843643
333,62642.548,-4.266681194,-17.8704338,21.31045723,51.9690094,-41.74539566,52.02390289
334,62650.881,-5.663344383,-19.0039482,14.58549786,27.91141891,-99.89537048,46.0381012
335,62659.214,-9.180039406,-12.23293113,4.669168949,35.84041214,-56.09587479,64.30435944
336,62667.547,-7.510541916,-8.272404661,-2.172851086,16.06286049,33.97442627,68.71708679
337,62675.88,-3.919879675,-3.924037447,-5.155949593,10.37840748,21.52197838,39.28702164
338,62684.213,-1.729534984,4.312880764,-6.464906693,23.52893639,18.29783821,10.43277645
339,62692.546,-3.387314558,9.571582327,-9.573868752,64.4854126,24.36203957,0.32039696
340,62700.879,2.546718597,11.76831723,-8.092727661,40.15177536,3.350027323,11.67958546
341,62709.212,9.492800713,10.57516051,-3.455161333,-15.90138054,11.40155697,21.0144577
342,62717.545,10.65295506,9.772544393,-4.974875927,-17.94130898,23.43945122,23.99041367
343,62725.878,6.321627617,9.055300722,-6.175045013,-7.003475666,19.81563759,24.80788231
344,62734.211,1.656365037,8.158765802,-3.587612629,-4.281024933,18.14567375,21.35593414
345,62742.544,-0.430649102,7.023761759,-1.83831346,-2.008451462,14.61456776,15.70504189
346,62750.877,-1.013175845,6.035603771,0.120912902,-0.710743904,10.7833519,12.02041721
347,62759.21,-1.239775777,4.517067442,1.172544956,2.71719718,9.134512901,11.43067551
348,62767.543,-1.797565222,2.626859913,1.425662518,9.81200695,7.206296921,13.68004036
349,62775.876,-2.552651405,1.047901878,1.637673855,19.00016212,6.842641354,18.78820419
350,62784.209,-2.751281738,0.248584518,1.854450941,21.73792648,3.988473177,25.42676353
351,62792.542,-1.928765416,0.458454857,1.843614936,17.98736954,0.387787074,30.20378304
352,62800.875,-0.871834636,1.442961702,2.062029123,16.0986805,1.079269767,31.98992538
353,62809.208,0.318175942,2.166682789,1.677713871,10.01599407,-0.527833104,32.90528488
354,62817.541,1.105980515,2.389821002,1.500256419,8.271037102,0.325365126,32.44441986
355,62825.874,1.709647775,2.545716712,0.942316175,8.416601181,3.164602995,29.81367302
356,62834.207,1.835817218,2.519646058,0.330364794,9.891032219,5.33069706,24.74389267
357,62842.54,1.851733565,2.628680089,-0.059905805,11.39974785,5.785617828,18.98512459
358,62850.873,1.881018639,2.726155648,-0.616954446,8.504592896,4.952795029,12.51304245
359,62859.206,1.331066847,2.73515133,-0.884950042,9.84129715,3.4500072,5.052382469
360,62867.539,0.932433367,2.385354707,-0.853237927,12.27563763,4.538933277,0.447570443
361,62875.872,0.57682097,2.274427066,-0.861769557,11.95485592,5.945935249,-1.106983185
362,62884.205,0.088470235,2.419265995,-0.811234474,10.46269798,6.100773335,-0.326748013
363,62892.538,-0.011770957,2.757612625,-0.888491809,7.839518547,4.927257538,0.944192111
364,62900.871,0.047737557,3.466011742,-1.092537284,4.731691837,2.630479336,0.908716261
365,62909.204,0.126120895,4.209622869,-1.027401805,4.281470776,2.258868217,0.268411577
366,62917.537,0.128146678,4.644695649,-0.5625543,5.985610962,2.735318422,-0.737600327
367,62925.87,0.283470243,4.658761153,-0.295486957,8.746748924,3.538708925,-2.155194521
368,62934.203,0.217602819,4.523693452,-0.065236725,12.76894093,5.59336853,-3.295706987
369,62942.536,-0.197644949,4.161261925,-0.143009782,19.56592941,7.393321991,-4.564574242
370,62950.869,-0.848550141,3.866585026,-0.053777598,27.58322144,6.167809963,-5.35444212
371,62959.202,-1.505372763,3.784935901,0.354382932,34.17842102,5.718743801,-5.626083851
372,62967.535,-1.637271643,3.652627954,0.709699631,37.39390945,7.339921951,-6.142313957
373,62975.868,-1.11186409,3.252707312,0.881133854,38.69389343,8.299050331,-6.798808575
374,62984.201,-0.327696025,2.72739152,0.925213456,34.66864014,5.411242962,-6.024153709
375,62992.534,0.00395566,2.404790172,1.059774637,29.76874733,2.575833321,-4.566278458
376,63000.867,0.140123188,2.282407353,1.365002871,22.71665001,3.285936594,-2.69697547
377,63009.2,0.316768199,2.141269932,1.342808843,15.58856964,6.402304649,-0.911316216
378,63017.533,0.930032909,2.052146444,1.035602331,11.61385441,10.29136562,0.722756982
379,63025.866,1.305126905,1.968086848,0.858571768,10.97201443,13.12386608,2.332227945
380,63034.199,1.354508638,2.29036654,0.872382104,12.11891556,14.50767517,2.588344336
381,63042.532,1.120634675,2.693637231,1.245823622,14.15361118,15.59274673,0.908127367
382,63050.865,0.709209323,2.778694102,1.73677969,17.59320068,16.72559357,-1.868367314
383,63059.198,0.232615873,2.726796994,2.243722916,22.90685463,17.35240173,-4.092069149
384,63067.531,-0.427559227,2.613400826,3.067937136,25.92313957,16.75285339,-5.006959915
385,63075.864,-1.051992536,2.116480002,4.13562727,24.00629234,14.49884605,-4.181411266
386,63084.197,-1.001727581,1.455861816,4.628272057,17.8112011,14.37735367,-2.747627497
387,63092.53,-0.196593866,0.940772066,4.804714203,7.188174725,15.85616112,-2.50290823
388,63100.863,0.919566154,0.42906619,4.749329567,-4.034717083,17.26448441,-3.196900845
389,63109.196,1.462931633,0.16653491,4.393939495,-12.16772652,19.63954353,-4.858112812
390,63117.529,1.823382854,-0.180773011,3.194615602,-17.37148666,23.79611588,-7.662990093
391,63125.862,1.765046358,-0.253800383,1.092497945,-16.58665276,23.93107033,-12.16248322
392,63134.195,0.36596936,0.750103006,1.484012485,-8.494465828,18.90410805,-14.89318657
393,63142.528,-0.182705134,5.159663686,10.78919697,-1.874898911,20.16845512,-10.86001873
394,63150.861,1.052505016,6.672193775,10.75762749,-23.3630867,62.87652969,-5.572720051
395,63159.194,2.733546257,9.200684557,13.55805779,-23.04459381,74.63640594,-3.219047785
396,63167.527,2.92160964,12.80709935,20.19511795,-18.70456696,113.2559204,-9.405183792
397,63175.86,-0.154207766,20.65800096,19.76596069,-1.953553677,105.7620621,-25.57744598
398,63184.193,-3.770141363,35.92017556,28.06349754,-20.73221779,109.4747391,-51.13881683
399,63192.526,-7.335944176,49.05298806,19.13752747,-8.913905144,113.8194351,-67.89556122
400,63200.859,-13.16783524,42.87646295,11.57728195,42.40518951,125.799057,-33.3601532
401,63209.192,-9.461380959,31.77862168,8.586650848,71.73501587,140.1042938,14.23604012
402,63217.525,-5.033634186,24.7223301,6.87158823,68.96529388,130.423233,48.60259247
403,63225.858,-0.589435518,21.04819299,7.548362732,49.21907043,117.4169922,54.03695297
404,63234.191,0.204366863,18.9615965,9.113960266,24.81903458,109.9566269,34.40560913
405,63242.524,-2.386979103,19.9611683,10.50479984,11.08524227,108.4953079,15.22818565
406,63250.857,-0.857173622,21.35306741,12.43983364,-2.191516161,117.0565872,-1.070316553
407,63259.19,2.440129042,19.62335969,13.83985901,-13.25425243,131.2704163,-13.3543787
408,63267.523,4.000246048,17.98002149,15.74826336,-26.32071877,135.9547119,-29.3664608
409,63275.856,-1.156559587,21.12377358,14.99127197,-28.9607296,129.2580109,-42.23558426
410,63284.189,-0.284491986,21.09716226,14.57239437,-20.77339554,105.4287033,-53.49374008
411,63292.522,0.387996286,21.46503068,13.8378067,-10.76609516,59.71221924,-52.99675369
412,63300.855,-2.102501869,21.11857224,12.25794125,1.150593162,10.85322857,-38.51778793
413,63309.188,-4.847284794,19.11807443,8.773928642,11.77474213,-3.09575057,-17.55937386
414,63317.521,-4.628070831,17.32097531,5.663265228,18.77344894,42.14804459,-1.72500658
415,63325.854,-3.738426685,15.41921712,6.62886858,20.55570221,90.09622192,5.630639553
416,63334.187,-2.477259636,13.53789807,8.657934189,16.0557766,95.63115692,7.031447411
417,63342.52,-1.754068971,12.64292623,8.585309029,6.702203751,75.82288361,7.173969746
418,63350.853,-1.376548171,12.97636319,7.818938732,0.675577343,55.4456749,2.622546196
419,63359.186,-0.007545188,12.93899156,6.971128941,-7.081058979,51.1219635,-1.353753924
420,63367.519,0.892014921,13.31106378,7.321919918,-11.69729233,50.33925629,-5.288852215
421,63375.852,1.187975526,12.88639832,6.925358295,-17.78711319,47.00824356,-5.769145012
422,63384.185,-0.027913541,12.34285737,6.912441254,-19.21549034,44.55773926,-5.199097633
423,63392.518,-0.757546663,10.84318257,7.084313393,-12.88981342,47.23576355,-5.853260994
424,63400.851,-2.272569418,9.586827764,7.535973549,-6.751681328,46.27419662,-6.466389656
425,63409.184,-3.394267321,9.289749155,8.21776104,-1.904663563,33.43475723,-6.373916626
426,63417.517,-3.58653903,9.980010519,8.768685341,-0.479972452,14.30519485,-5.993846893
427,63425.85,-3.000165462,10.32013465,8.431314468,1.641488433,3.142815828,-2.931382895
428,63434.183,-2.116276264,11.64903546,9.030356407,-0.372879267,-4.582067013,-0.438554138
429,63442.516,-1.517015457,13.10863877,9.040225983,-3.857747316,-12.60359955,3.36683774
430,63450.849,-1.605641484,13.68404771,8.29947567,-6.327242851,-12.39968777,7.649078369
431,63459.182,-1.705941558,12.73865415,8.108312607,-7.45088625,-1.783019781,6.148005962
432,63467.515,-1.643682241,11.2229786,8.561616898,-9.596129417,4.959684849,2.560450315
433,63475.848,-1.536536098,10.65322352,9.031046867,-11.93962955,0.051843222,-0.280975401
434,63484.181,-1.8086164,11.1231742,8.802436829,-11.91071129,-7.323610783,-2.171460152
435,63492.514,-2.226412296,11.38612271,8.222350121,-10.10997772,-8.123491287,-2.813403845
436,63500.847,-2.577804804,11.19116784,8.161491394,-7.424940586,-5.377670765,-2.585565329
437,63509.18,-2.708263636,10.88649512,8.301172256,-6.231444359,-5.177674294,-2.926849127
438,63517.513,-2.475209236,10.7331214,8.27144146,-5.077548504,-6.999153614,-2.170051098
439,63525.846,-2.244039059,10.60429145,8.25243187,-3.444640636,-7.342025757,-1.239434481
440,63534.179,-2.091636658,10.59697104,8.400068283,-2.061908007,-7.446277618,0.353117913
441,63542.512,-1.899630666,10.78296042,8.4637537,-0.501513898,-7.948032379,2.258048296
442,63550.845,-1.840497851,10.84172679,8.28651619,1.204611778,-7.188007355,4.145766258
443,63559.178,-1.825793028,10.79828692,8.257611275,2.656299114,-4.704144478,5.610542297
444,63567.511,-1.811888695,10.65591336,8.279870033,3.939674854,-2.349145889,6.68693018
445,63575.844,-1.769885778,10.52841855,8.104114532,4.901616573,0.006992686,7.175135136
446,63584.177,-1.774260521,10.30844356,8.123140335,4.653441429,2.434095383,7.542573929
447,63592.51,-1.692357659,10.05142022,8.144436836,3.830813646,4.157062054,7.946483135
448,63600.843,-1.540135503,9.786479482,8.069299698,2.234791279,5.085937023,8.445782661
449,63609.176,-1.339642644,9.508853922,7.928004742,0.963991761,5.663691521,8.971770287
450,63617.509,-1.289846182,9.233140478,7.823904514,-0.301697314,6.094471931,9.044719696
451,63625.842,-1.293547511,9.049196253,7.660799503,-1.470065355,6.610010624,8.21942997
452,63634.175,-1.236827374,8.932245741,7.453953266,-2.204579115,7.482047081,6.501021862
453,63642.508,-1.153800011,8.871799001,7.357913017,-2.978615761,8.296784401,4.534770012
454,63650.841,-1.130426407,8.84057332,7.324914932,-3.543409586,9.037343979,2.737290859
455,63659.174,-1.124785304,8.777674207,7.3284688,-3.941173315,9.482083321,1.425329924
456,63667.507,-1.209021688,8.74355174,7.235090256,-4.35320425,9.883996964,0.53111124
457,63675.84,-1.378329873,8.759953508,7.351023197,-4.521514416,10.17410183,-0.260150999
458,63684.173,-1.519925475,8.721317777,7.428785801,-4.461936951,9.579238892,-0.913314104
459,63692.506,-1.506955504,8.570528993,7.312240124,-4.56124258,8.899180412,-1.750823021
460,63700.839,-1.520492554,8.532707224,7.259531498,-4.258277416,8.532896996,-2.746319771
461,63709.172,-1.538577199,8.569000253,7.318530083,-3.935384274,8.14760685,-4.353766918
462,63717.505,-1.514334798,8.59262372,7.272410393,-3.56738472,8.083956718,-5.919181824
463,63725.838,-1.503280759,8.550140867,7.241426945,-3.634442329,7.930602551,-7.327861786
464,63734.171,-1.451920271,8.46203042,7.254542828,-3.515311003,7.378770351,-8.545409203
465,63742.504,-1.391486287,8.36677123,7.22880888,-3.459215403,6.627709866,-9.006669998
466,63750.837,-1.252706289,8.317852983,7.192158699,-3.636183977,5.9030056,-9.076262474
467,63759.17,-1.245930672,8.321081648,7.167816639,-3.259194374,5.355066776,-8.625352859
468,63767.503,-1.382573962,8.356972227,7.133559704,-2.393560886,4.634282112,-7.98363924
469,63775.836,-1.569709539,8.352095613,7.072263241,-1.376060724,3.869593382,-7.460235119
470,63784.169,-1.71309495,8.40149642,7.093173504,-0.064586304,3.137565136,-7.279119015
471,63792.502,-1.648962259,8.380212316,7.111831665,1.127103448,2.695360899,-7.35288763
472,63800.835,-1.47892952,8.460132131,7.13410759,1.653783083,2.526715994,-7.630057335
473,63809.168,-1.327523351,8.471892843,7.156817913,1.999472857,2.641442299,-7.47317028
474,63817.501,-1.196031451,8.411981592,7.142314911,1.890817523,2.759780884,-7.187240601
475,63825.834,-1.036120415,8.421902189,7.149238586,1.573636174,2.879654646,-6.67357111
476,63834.167,-0.875048578,8.442515859,7.126226902,1.013094187,3.125525713,-6.232084274
477,63842.5,-0.811530352,8.330222616,7.208415031,0.506547034,3.135899305,-5.781734467
478,63850.833,-0.87891227,8.207280168,7.158787251,0.178941041,2.917051554,-5.472724915
479,63859.166,-1.008682847,8.114353666,7.220286846,-0.042250682,2.80025053,-5.738062382
480,63867.499,-1.096311331,8.086935053,7.280285358,0.264723122,2.467777729,-6.483692646
481,63875.832,-0.995491743,8.083641538,7.313452244,0.244539127,1.569691777,-7.557801723
482,63884.165,-0.867416024,8.061746607,7.362472057,0.391103745,1.007305264,-8.133914948
483,63892.498,-0.783076882,8.113322267,7.401776314,0.454985738,0.137804598,-7.763945103
484,63900.831,-0.822818756,8.141561041,7.509290218,0.444022745,-0.931628108,-6.772825718
485,63909.164,-0.843303204,8.236054907,7.62287426,0.536976814,-2.265668869,-4.948094368
486,63917.497,-0.807630062,8.283622274,7.693561554,0.291080177,-3.328147173,-2.734153032
487,63925.83,-0.745368779,8.295994291,7.706412315,-0.343141079,-4.030591965,-0.2177338
488,63934.163,-0.764877141,8.368696699,7.75110817,-1.274269819,-4.140323639,2.084819555
489,63942.496,-0.818537533,8.531351099,7.654738426,-2.123100042,-3.329197645,4.12622261
490,63950.829,-1.012179494,8.644913206,7.565656185,-2.591917276,-1.788168311,5.556085587
491,63959.162,-1.290120721,8.805770883,7.535607815,-2.344048023,0.626805961,5.939453602
492,63967.495,-1.490622997,9.016501436,7.675134659,-1.566784501,2.640597343,5.548505306
493,63975.828,-1.430104017,9.14416171,7.738154411,0.235958338,4.114029884,4.549677372
494,63984.161,-1.335271716,9.199948797,7.764418125,2.551741123,4.962424755,3.527336121
495,63992.494,-1.308450222,9.186512003,7.768080711,5.016803741,5.821808338,2.803247452
496,64000.827,-1.241835117,9.101321706,7.959634304,6.962616444,5.80431509,2.427179575
497,64009.16,-1.074607253,8.977624426,7.912585735,8.21141243,5.813996792,2.532556534
498,64017.493,-0.863005161,8.923676977,7.853675365,8.716525078,5.87857008,2.926298618
499,64025.826,-0.736411631,8.894492159,7.813884735,8.685224533,6.010098457,3.568600893
500,64034.159,-0.68764329,8.955398092,7.862751961,8.252497673,6.051261425,4.083575726
501,64042.492,-0.777972758,9.029338369,7.968906403,7.102135181,5.820603371,4.14855814
502,64050.825,-0.828184366,9.123966703,7.97654438,5.462082386,5.566101551,3.855864763
503,64059.158,-0.801607132,9.056204805,7.958444118,3.322371483,5.728855133,2.847662687
504,64067.491,-0.72325772,9.057711134,7.967908382,1.667589068,5.468587399,1.744098902
505,64075.824,-0.591180384,9.077370653,8.001489639,0.311776459,5.159910202,0.351606607
506,64084.157,-0.489170581,9.110703478,7.960307598,-0.382074773,4.61852932,-1.029269695
507,64092.49,-0.48108384,9.145432958,7.964330196,-0.369626254,3.729586363,-1.990725636
508,64100.823,-0.551220238,9.075111875,8.002114296,0.393383414,2.392676592,-2.65567112
509,64109.156,-0.656753004,8.974004278,7.998346329,1.274974346,1.042320013,-2.933124781
510,64117.489,-0.774952471,9.012982378,8.026558876,2.24449873,-0.172806442,-2.813992977
511,64125.822,-0.875082016,9.166965971,8.052716255,2.840720892,-0.817465484,-2.353653669
512,64134.155,-0.887507975,9.283424387,8.144953728,2.9468925,-1.233799338,-1.624032259
513,64142.488,-0.825858116,9.38658906,8.185956001,3.120480061,-1.476571083,-1.014567256
514,64150.821,-0.843025506,9.374632845,8.226302147,3.020533323,-1.393939495,-0.645722091
515,64159.154,-0.830909193,9.341865549,8.239321709,2.746076584,-1.366020083,-0.406690001
516,64167.487,-0.82909137,9.257291803,8.208235741,2.182614803,-1.260386825,-0.37126556
517,64175.82,-0.833971262,9.169035921,8.096313477,1.648455262,-0.895768106,-0.645132899
518,64184.153,-0.816271603,9.0724578,8.155360222,1.211246014,-0.728737772,-1.230033994
519,64192.486,-0.745606542,8.999729166,8.178160667,0.791479826,-0.847792685,-1.609329462
520,64200.819,-0.705162644,8.961503038,8.166543961,0.590126336,-0.731632173,-1.789141417
521,64209.152,-0.734964192,8.945807466,8.160835266,0.555957079,-0.613857985,-1.77782011
522,64217.485,-0.839963853,8.929487714,8.15344429,0.777238309,-0.895230293,-1.398985386
523,64225.818,-0.972911,8.884653101,8.134973526,1.369900346,-1.516144872,-0.908754647
524,64234.151,-1.075807571,8.788974771,8.081372261,1.921708107,-2.093720436,-0.494931042
525,64242.484,-1.074360013,8.711748132,8.090260506,2.383737087,-3.048772097,0.103455871
526,64250.817,-1.066516399,8.642673025,8.080181122,2.534682274,-4.086456776,0.655340254
527,64259.15,-0.970186114,8.639271745,7.950694084,2.60163784,-4.035023689,0.861278594
528,64267.483,-0.776635408,8.714405069,7.914236546,2.307611942,-3.582112312,0.982971907
529,64275.816,-0.597943366,8.798807153,7.861935616,2.331894159,-2.854385853,1.560828805
530,64284.149,-0.575506151,8.860078344,7.869662285,2.290322065,-2.092772484,1.977213621
531,64292.482,-0.638433695,8.881811628,7.838943481,2.512192965,-1.375266552,2.500794649
532,64300.815,-0.763718188,8.84695817,7.775499344,3.034416437,-0.569058716,2.944920301
533,64309.148,-0.841508389,8.701045999,7.739779949,3.654408693,0.023232114,2.936032057
534,64317.481,-0.856661499,8.598564634,7.679800034,4.180089474,0.559799135,2.937568426
535,64325.814,-0.790508509,8.455845842,7.628743172,4.460719109,0.728545666,2.803529263
536,64334.147,-0.700772822,8.364490995,7.60419178,4.613738537,0.997034192,2.723817825
537,64342.48,-0.659946918,8.382863531,7.475309849,4.483925819,1.532935381,2.431277514
538,64350.813,-0.643106282,8.423902521,7.506789684,4.152477264,1.981081605,2.148854733
539,64359.146,-0.604845941,8.482805261,7.561914921,3.591243982,2.108435869,1.560624123
540,64367.479,-0.540120304,8.596337328,7.570297718,2.868640661,2.303052425,0.961250961
541,64375.812,-0.486389607,8.612017164,7.560337543,2.114531755,2.454074144,0.633875489
542,64384.145,-0.472042054,8.610559473,7.552667141,1.613620043,2.433608294,0.545762539
543,64392.478,-0.489614904,8.632061014,7.50488615,1.29331398,2.676226377,0.362031579
544,64400.811,-0.539642334,8.632337103,7.459215641,1.274871826,2.371135473,0.480727941
545,64409.144,-0.586631,8.60206891,7.486598015,1.528708935,2.1085639,0.493022799
546,64417.477,-0.661184251,8.545606622,7.535524368,1.732418656,1.260169148,0.633849859
547,64425.81,-0.71834594,8.517772207,7.564758301,1.670790911,0.408060342,0.556776583
548,64434.143,-0.639678657,8.52337409,7.604202747,1.384526372,-0.369959205,0.433392882
549,64442.476,-0.514332712,8.546333799,7.672753334,1.009918094,-1.290842295,0.330321193
550,64450.809,-0.467155755,8.651664743,7.714724064,0.436773926,-2.344073772,0.2200775
551,64459.142,-0.458662301,8.758632192,7.660371304,-0.073500052,-2.877516031,0.056197636
552,64467.475,-0.513779581,8.833313474,7.679459095,-0.468855768,-3.389211893,-0.346957654
553,64475.808,-0.515421927,8.875195036,7.637713909,-0.785678208,-3.950598478,-0.78350091
554,64484.141,-0.495841682,8.773796091,7.647843838,-0.86436528,-4.267524242,-1.284054399
555,64492.474,-0.600531161,8.763746748,7.59823513,-0.906756699,-4.82924366,-1.287179112
556,64500.807,-0.630353808,8.767625818,7.579833508,-0.93462497,-4.805524826,-1.282286882
557,64509.14,-0.731936574,8.791899214,7.580367088,-0.646464884,-4.471515656,-1.132802367
558,64517.473,-0.751590788,8.82704688,7.664275169,-0.541267276,-4.253640652,-0.908344865
559,64525.806,-0.749098003,8.901569853,7.701439381,-0.794207811,-4.264117241,-0.799151421
560,64534.139,-0.688610256,8.96332694,7.686122417,-1.068459272,-3.426095963,-0.672540128
561,64542.472,-0.616517961,8.987632761,7.770059586,-1.838192582,-2.592941761,-0.752815127
562,64550.805,-0.631615698,9.017454633,7.768434525,-2.124175787,-1.81839323,-1.001222134
563,64559.138,-0.657307804,8.999369154,7.772083759,-2.385313034,-0.899226189,-1.265253663
564,64567.471,-0.686350405,8.919248113,7.782417297,-2.588408232,-0.380153716,-1.767241478
565,64575.804,-0.657376945,8.883580694,7.806243896,-2.704568863,-0.145219907,-2.085933924
566,64584.137,-0.665236294,8.859294424,7.800352573,-2.725546837,0.012294833,-2.573807955
567,64592.47,-0.63330555,8.845370779,7.814718723,-2.576061726,-0.17979911,-2.943446875
568,64600.803,-0.607175767,8.838784227,7.796142101,-2.647627592,-0.458789319,-2.886429548
569,64609.136,-0.583904624,8.855853567,7.769136429,-2.847982645,-0.480279684,-3.019828558
570,64617.469,-0.605341196,8.896568308,7.744359016,-2.910097599,-0.764981925,-3.076615334
571,64625.802,-0.621803463,8.899876127,7.771261692,-2.97838521,-0.889287889,-2.954486609
572,64634.135,-0.67520678,8.89134551,7.753993988,-3.256299019,-1.136567712,-2.91488719
573,64642.468,-0.726148665,8.876470098,7.77864933,-3.462340593,-1.459332705,-2.918037891
574,64650.801,-0.799034774,8.881486902,7.776259422,-3.614873409,-1.646726489,-2.957048416
575,64659.134,-0.834100723,8.916623602,7.846976757,-3.975316048,-1.828894854,-3.157582283
576,64667.467,-0.859571099,8.957153806,7.938506603,-4.357070923,-2.25106883,-3.243569374
577,64675.8,-0.873856127,8.99012948,7.984678745,-4.595693111,-2.419892073,-3.664155006
578,64684.133,-0.908495009,8.996075163,7.994439125,-4.72355938,-2.417791843,-4.255536556
579,64692.466,-0.944441736,9.019893655,8.04692173,-4.462499142,-2.277041435,-4.831369877
580,64700.799,-1.007627487,9.054316053,8.046988487,-3.992631912,-2.134216547,-5.019224644
581,64709.132,-1.071114659,9.070402155,8.054656982,-3.585314512,-1.896081209,-4.832036495
582,64717.465,-1.097636461,9.080103407,8.074559212,-2.883228064,-1.707201719,-4.426178455
583,64725.798,-1.106114507,9.025888929,8.056270599,-2.460337162,-1.682714462,-3.813767672
584,64734.131,-1.09289217,9.018301019,8.094381332,-2.346276999,-1.485894799,-3.167187452
585,64742.464,-1.030247092,9.067770967,8.068556786,-2.078172445,-1.360436082,-2.69811368
586,64750.797,-0.988810778,9.063737402,8.061800003,-2.332701206,-0.992385089,-2.479393959
587,64759.13,-1.0164994,9.101152906,8.075569153,-2.35936594,-0.624257386,-2.45173049
588,64767.463,-1.08733809,9.117158899,8.09897995,-2.500448942,-0.294115454,-2.691940784
589,64775.796,-1.155295372,9.147279272,8.028589249,-2.488691807,-0.003726871,-2.782691717
590,64784.129,-1.169317126,9.106702814,8.011611938,-2.438539267,0.399530858,-3.045109987
591,64792.462,-1.189242959,9.050987253,7.99139452,-2.233215809,0.507597327,-3.567153931
592,64800.795,-1.147700906,9.032392034,7.96894598,-2.056041956,0.592867076,-3.960665464
593,64809.128,-1.03808856,9.029061804,7.962893486,-1.296349287,0.604291081,-4.401332378
594,64817.461,-0.982858121,9.044573316,7.997029781,-0.610476851,0.605930388,-4.26088953
595,64825.794,-1.050747871,9.025709638,8.003130913,-0.13464123,0.775317192,-3.561876774
596,64834.127,-1.118132114,9.033878336,8.028031349,0.077124462,0.976901293,-2.821497917
597,64842.46,-1.097930908,9.060106287,8.029637337,0.434443027,1.008560419,-2.208395243
598,64850.793,-1.064187169,9.017927656,7.966756344,0.304758161,1.325869679,-1.547932148
599,64859.126,-1.034927368,8.942768106,7.926382065,0.123665541,1.480170012,-0.937570691
600,64867.459,-0.969195902,8.915814886,7.89027977,-0.172499061,1.415314555,-0.848023295
